code,name,market,sector33,sector17_jpx
1301,極洋,プライム（内国株式）,水産・農林業,食品
1332,ニッスイ,プライム（内国株式）,水産・農林業,食品
1333,Ｕｍｉｏｓ,プライム（内国株式）,水産・農林業,食品
1375,ユキグニファクトリー,プライム（内国株式）,水産・農林業,食品
1377,サカタのタネ,プライム（内国株式）,水産・農林業,食品
1379,ホクト,プライム（内国株式）,水産・農林業,食品
1414,ショーボンドホールディングス,プライム（内国株式）,建設業,建設・資材
1417,ミライト・ワン,プライム（内国株式）,建設業,建設・資材
1419,タマホーム,プライム（内国株式）,建設業,建設・資材
1429,日本アクア,プライム（内国株式）,建設業,建設・資材
1433,ベステラ,プライム（内国株式）,建設業,建設・資材
1515,日鉄鉱業,プライム（内国株式）,鉱業,エネルギー資源
1518,三井松島ホールディングス,プライム（内国株式）,その他製品,情報通信・サービスその他
1605,ＩＮＰＥＸ,プライム（内国株式）,鉱業,エネルギー資源
1662,石油資源開発,プライム（内国株式）,鉱業,エネルギー資源
1663,Ｋ＆Ｏエナジーグループ,プライム（内国株式）,鉱業,エネルギー資源
1719,安藤・間,プライム（内国株式）,建設業,建設・資材
1720,東急建設,プライム（内国株式）,建設業,建設・資材
1721,コムシスホールディングス,プライム（内国株式）,建設業,建設・資材
1762,高松コンストラクショングループ,プライム（内国株式）,建設業,建設・資材
1766,東建コーポレーション,プライム（内国株式）,建設業,建設・資材
1780,ヤマウラ,プライム（内国株式）,建設業,建設・資材
1786,オリエンタル白石,プライム（内国株式）,建設業,建設・資材
1801,大成建設,プライム（内国株式）,建設業,建設・資材
1802,大林組,プライム（内国株式）,建設業,建設・資材
1803,清水建設,プライム（内国株式）,建設業,建設・資材
1808,長谷工コーポレーション,プライム（内国株式）,建設業,建設・資材
1812,鹿島建設,プライム（内国株式）,建設業,建設・資材
1813,不動テトラ,プライム（内国株式）,建設業,建設・資材
1814,大末建設,プライム（内国株式）,建設業,建設・資材
1815,鉄建建設,プライム（内国株式）,建設業,建設・資材
1820,西松建設,プライム（内国株式）,建設業,建設・資材
1833,奥村組,プライム（内国株式）,建設業,建設・資材
1835,東鉄工業,プライム（内国株式）,建設業,建設・資材
1852,淺沼組,プライム（内国株式）,建設業,建設・資材
1860,戸田建設,プライム（内国株式）,建設業,建設・資材
1861,熊谷組,プライム（内国株式）,建設業,建設・資材
1870,矢作建設工業,プライム（内国株式）,建設業,建設・資材
1871,ピーエス・コンストラクション,プライム（内国株式）,建設業,建設・資材
1873,日本ハウスホールディングス,プライム（内国株式）,建設業,建設・資材
1878,大東建託,プライム（内国株式）,不動産業,不動産
1879,新日本建設,プライム（内国株式）,建設業,建設・資材
1882,東亜道路工業,プライム（内国株式）,建設業,建設・資材
1885,東亜建設工業,プライム（内国株式）,建設業,建設・資材
1887,日本国土開発,プライム（内国株式）,建設業,建設・資材
1888,若築建設,プライム（内国株式）,建設業,建設・資材
1893,五洋建設,プライム（内国株式）,建設業,建設・資材
1898,世紀東急工業,プライム（内国株式）,建設業,建設・資材
1899,福田組,プライム（内国株式）,建設業,建設・資材
1911,住友林業,プライム（内国株式）,建設業,建設・資材
1925,大和ハウス工業,プライム（内国株式）,建設業,建設・資材
1926,ライト工業,プライム（内国株式）,建設業,建設・資材
1928,積水ハウス,プライム（内国株式）,建設業,建設・資材
1929,日特建設,プライム（内国株式）,建設業,建設・資材
1930,北陸電気工事,プライム（内国株式）,建設業,建設・資材
1934,ユアテック,プライム（内国株式）,建設業,建設・資材
1938,日本リーテック,プライム（内国株式）,建設業,建設・資材
1939,四電工,プライム（内国株式）,建設業,建設・資材
1941,中電工,プライム（内国株式）,建設業,建設・資材
1942,関電工,プライム（内国株式）,建設業,建設・資材
1944,きんでん,プライム（内国株式）,建設業,建設・資材
1945,東京エネシス,プライム（内国株式）,建設業,建設・資材
1946,トーエネック,プライム（内国株式）,建設業,建設・資材
1950,日本電設工業,プライム（内国株式）,建設業,建設・資材
1951,エクシオグループ,プライム（内国株式）,建設業,建設・資材
1952,新日本空調,プライム（内国株式）,建設業,建設・資材
1959,クラフティア,プライム（内国株式）,建設業,建設・資材
1961,三機工業,プライム（内国株式）,建設業,建設・資材
1963,日揮ホールディングス,プライム（内国株式）,建設業,建設・資材
1964,中外炉工業,プライム（内国株式）,建設業,建設・資材
1968,太平電業,プライム（内国株式）,建設業,建設・資材
1969,高砂熱学工業,プライム（内国株式）,建設業,建設・資材
1975,朝日工業社,プライム（内国株式）,建設業,建設・資材
1976,明星工業,プライム（内国株式）,建設業,建設・資材
1979,大氣社,プライム（内国株式）,建設業,建設・資材
1980,ダイダン,プライム（内国株式）,建設業,建設・資材
1982,日比谷総合設備,プライム（内国株式）,建設業,建設・資材
2001,ニップン,プライム（内国株式）,食料品,食品
2002,日清製粉グループ本社,プライム（内国株式）,食料品,食品
2004,昭和産業,プライム（内国株式）,食料品,食品
2053,中部飼料,プライム（内国株式）,食料品,食品
2060,フィード・ワン,プライム（内国株式）,食料品,食品
2108,日本甜菜製糖,プライム（内国株式）,食料品,食品
2109,ＤＭ三井製糖,プライム（内国株式）,食料品,食品
2117,ウェルネオシュガー,プライム（内国株式）,食料品,食品
2120,ＬＩＦＵＬＬ,プライム（内国株式）,サービス業,情報通信・サービスその他
2121,ＭＩＸＩ,プライム（内国株式）,情報・通信業,情報通信・サービスその他
2124,ジェイエイシーリクルートメント,プライム（内国株式）,サービス業,情報通信・サービスその他
2127,日本Ｍ＆Ａセンターホールディングス,プライム（内国株式）,サービス業,情報通信・サービスその他
2130,メンバーズ,プライム（内国株式）,サービス業,情報通信・サービスその他
2146,ＵＴグループ,プライム（内国株式）,サービス業,情報通信・サービスその他
2148,アイティメディア,プライム（内国株式）,サービス業,情報通信・サービスその他
2153,Ｅ・Ｊホールディングス,プライム（内国株式）,サービス業,情報通信・サービスその他
2154,オープンアップグループ,プライム（内国株式）,サービス業,情報通信・サービスその他
2157,コシダカホールディングス,プライム（内国株式）,サービス業,情報通信・サービスその他
2163,アルトナー,プライム（内国株式）,サービス業,情報通信・サービスその他
2168,パソナグループ,プライム（内国株式）,サービス業,情報通信・サービスその他
2170,リンクアンドモチベーション,プライム（内国株式）,サービス業,情報通信・サービスその他
2175,エス・エム・エス,プライム（内国株式）,サービス業,情報通信・サービスその他
2181,パーソルホールディングス,プライム（内国株式）,サービス業,情報通信・サービスその他
2198,アイ・ケイ・ケイホールディングス,プライム（内国株式）,サービス業,情報通信・サービスその他
2201,森永製菓,プライム（内国株式）,食料品,食品
2206,江崎グリコ,プライム（内国株式）,食料品,食品
2207,ｍｅｉｔｏ,プライム（内国株式）,食料品,食品
2209,井村屋グループ,プライム（内国株式）,食料品,食品
2211,不二家,プライム（内国株式）,食料品,食品
2212,山崎製パン,プライム（内国株式）,食料品,食品
2217,モロゾフ,プライム（内国株式）,食料品,食品
2220,亀田製菓,プライム（内国株式）,食料品,食品
2222,寿スピリッツ,プライム（内国株式）,食料品,食品
2229,カルビー,プライム（内国株式）,食料品,食品
2264,森永乳業,プライム（内国株式）,食料品,食品
2266,六甲バター,プライム（内国株式）,食料品,食品
2267,ヤクルト本社,プライム（内国株式）,食料品,食品
2269,明治ホールディングス,プライム（内国株式）,食料品,食品
2270,雪印メグミルク,プライム（内国株式）,食料品,食品
2281,プリマハム,プライム（内国株式）,食料品,食品
2282,日本ハム,プライム（内国株式）,食料品,食品
2288,丸大食品,プライム（内国株式）,食料品,食品
2292,Ｓ　Ｆｏｏｄｓ,プライム（内国株式）,食料品,食品
2294,柿安本店,プライム（内国株式）,食料品,食品
2296,伊藤ハム米久ホールディングス,プライム（内国株式）,食料品,食品
2301,学情,プライム（内国株式）,サービス業,情報通信・サービスその他
2307,クロスキャット,プライム（内国株式）,情報・通信業,情報通信・サービスその他
2317,システナ,プライム（内国株式）,情報・通信業,情報通信・サービスその他
2325,ＮＪＳ,プライム（内国株式）,サービス業,情報通信・サービスその他
2326,デジタルアーツ,プライム（内国株式）,情報・通信業,情報通信・サービスその他
2327,日鉄ソリューションズ,プライム（内国株式）,情報・通信業,情報通信・サービスその他
2331,ＡＬＳＯＫ,プライム（内国株式）,サービス業,情報通信・サービスその他
2335,キューブシステム,プライム（内国株式）,情報・通信業,情報通信・サービスその他
2337,いちご,プライム（内国株式）,不動産業,不動産
2353,日本駐車場開発,プライム（内国株式）,不動産業,不動産
2359,コア,プライム（内国株式）,情報・通信業,情報通信・サービスその他
2371,カカクコム,プライム（内国株式）,サービス業,情報通信・サービスその他
2378,ルネサンス,プライム（内国株式）,サービス業,情報通信・サービスその他
2379,ディップ,プライム（内国株式）,サービス業,情報通信・サービスその他
2384,ＳＢＳホールディングス,プライム（内国株式）,陸運業,運輸・物流
2395,新日本科学,プライム（内国株式）,サービス業,情報通信・サービスその他
2410,キャリアデザインセンター,プライム（内国株式）,サービス業,情報通信・サービスその他
2413,エムスリー,プライム（内国株式）,サービス業,情報通信・サービスその他
2429,ワールドホールディングス,プライム（内国株式）,サービス業,情報通信・サービスその他
2432,ディー・エヌ・エー,プライム（内国株式）,情報・通信業,情報通信・サービスその他
2433,博報堂ＤＹホールディングス,プライム（内国株式）,サービス業,情報通信・サービスその他
2461,ファンコミュニケーションズ,プライム（内国株式）,サービス業,情報通信・サービスその他
2462,ライク,プライム（内国株式）,サービス業,情報通信・サービスその他
2471,エスプール,プライム（内国株式）,サービス業,情報通信・サービスその他
2475,ＷＤＢホールディングス,プライム（内国株式）,サービス業,情報通信・サービスその他
2491,バリューコマース,プライム（内国株式）,サービス業,情報通信・サービスその他
2492,インフォマート,プライム（内国株式）,サービス業,情報通信・サービスその他
2501,サッポロビール,プライム（内国株式）,食料品,食品
2502,アサヒグループホールディングス,プライム（内国株式）,食料品,食品
2503,キリンホールディングス,プライム（内国株式）,食料品,食品
2531,宝ホールディングス,プライム（内国株式）,食料品,食品
2533,オエノンホールディングス,プライム（内国株式）,食料品,食品
2579,コカ・コーラ　ボトラーズジャパンホールディングス,プライム（内国株式）,食料品,食品
2585,ライフドリンク　カンパニー,プライム（内国株式）,食料品,食品
2587,サントリービバレッジ＆フード,プライム（内国株式）,食料品,食品
2590,ダイドーグループホールディングス,プライム（内国株式）,食料品,食品
2593,伊藤園,プライム（内国株式）,食料品,食品
2594,キーコーヒー,プライム（内国株式）,食料品,食品
2602,日清オイリオグループ,プライム（内国株式）,食料品,食品
2607,不二製油,プライム（内国株式）,食料品,食品
2613,Ｊ－オイルミルズ,プライム（内国株式）,食料品,食品
2659,サンエー,プライム（内国株式）,小売業,小売
2664,カワチ薬品,プライム（内国株式）,小売業,小売
2670,エービーシー・マート,プライム（内国株式）,小売業,小売
2674,ハードオフコーポレーション,プライム（内国株式）,小売業,小売
2676,高千穂交易,プライム（内国株式）,卸売業,商社・卸売
2678,アスクル,プライム（内国株式）,小売業,小売
2681,ゲオホールディングス,プライム（内国株式）,小売業,小売
2685,アンドエスティＨＤ,プライム（内国株式）,小売業,小売
2695,くら寿司,プライム（内国株式）,小売業,小売
2726,パルグループホールディングス,プライム（内国株式）,小売業,小売
2730,エディオン,プライム（内国株式）,小売業,小売
2733,あらた,プライム（内国株式）,卸売業,商社・卸売
2734,サーラコーポレーション,プライム（内国株式）,小売業,小売
2737,トーメンデバイス,プライム（内国株式）,卸売業,商社・卸売
2742,ハローズ,プライム（内国株式）,小売業,小売
2749,ＪＰホールディングス,プライム（内国株式）,サービス業,情報通信・サービスその他
2752,フジオフードグループ本社,プライム（内国株式）,小売業,小売
2753,あみやき亭,プライム（内国株式）,小売業,小売
2760,東京エレクトロン　デバイス,プライム（内国株式）,卸売業,商社・卸売
2767,円谷フィールズホールディングス,プライム（内国株式）,卸売業,商社・卸売
2768,双日,プライム（内国株式）,卸売業,商社・卸売
2784,アルフレッサ　ホールディングス,プライム（内国株式）,卸売業,商社・卸売
2791,大黒天物産,プライム（内国株式）,小売業,小売
2792,ハニーズホールディングス,プライム（内国株式）,小売業,小売
2801,キッコーマン,プライム（内国株式）,食料品,食品
2802,味の素,プライム（内国株式）,食料品,食品
2804,ブルドックソース,プライム（内国株式）,食料品,食品
2809,キユーピー,プライム（内国株式）,食料品,食品
2810,ハウス食品グループ本社,プライム（内国株式）,食料品,食品
2811,カゴメ,プライム（内国株式）,食料品,食品
2815,アリアケジャパン,プライム（内国株式）,食料品,食品
2871,ニチレイ,プライム（内国株式）,食料品,食品
2874,横浜冷凍,プライム（内国株式）,卸売業,商社・卸売
2875,東洋水産,プライム（内国株式）,食料品,食品
2882,イートアンドホールディングス,プライム（内国株式）,食料品,食品
2884,ヨシムラ・フード・ホールディングス,プライム（内国株式）,食料品,食品
2897,日清食品ホールディングス,プライム（内国株式）,食料品,食品
2908,フジッコ,プライム（内国株式）,食料品,食品
2910,ロック・フィールド,プライム（内国株式）,食料品,食品
2914,日本たばこ産業,プライム（内国株式）,食料品,食品
2915,ケンコーマヨネーズ,プライム（内国株式）,食料品,食品
2918,わらべや日洋ホールディングス,プライム（内国株式）,食料品,食品
2922,なとり,プライム（内国株式）,食料品,食品
2929,ファーマフーズ,プライム（内国株式）,食料品,食品
2930,北の達人コーポレーション,プライム（内国株式）,化学,素材・化学
2931,ユーグレナ,プライム（内国株式）,食料品,食品
2933,紀文食品,プライム（内国株式）,食料品,食品
2935,ピックルスホールディングス,プライム（内国株式）,食料品,食品
2975,スター・マイカ・ホールディングス,プライム（内国株式）,不動産業,不動産
2980,ＳＲＥホールディングス,プライム（内国株式）,不動産業,不動産
2982,ＡＤワークスグループ,プライム（内国株式）,不動産業,不動産
3002,グンゼ,プライム（内国株式）,繊維製品,素材・化学
3003,ヒューリック,プライム（内国株式）,不動産業,不動産
3028,アルペン,プライム（内国株式）,小売業,小売
3031,ラクーンホールディングス,プライム（内国株式）,情報・通信業,情報通信・サービスその他
3034,クオールホールディングス,プライム（内国株式）,小売業,小売
3036,アルコニックス,プライム（内国株式）,卸売業,商社・卸売
3038,神戸物産,プライム（内国株式）,卸売業,商社・卸売
3040,ソリトンシステムズ,プライム（内国株式）,情報・通信業,情報通信・サービスその他
3046,ジンズホールディングス,プライム（内国株式）,小売業,小売
3048,ビックカメラ,プライム（内国株式）,小売業,小売
3050,ＤＣＭホールディングス,プライム（内国株式）,小売業,小売
3064,ＭｏｎｏｔａＲＯ,プライム（内国株式）,小売業,小売
3076,あい　ホールディングス,プライム（内国株式）,卸売業,商社・卸売
3086,Ｊ．フロント　リテイリング,プライム（内国株式）,小売業,小売
3087,ドトール・日レスホールディングス,プライム（内国株式）,小売業,小売
3088,マツキヨココカラ＆カンパニー,プライム（内国株式）,小売業,小売
3091,ブロンコビリー,プライム（内国株式）,小売業,小売
3092,ＺＯＺＯ,プライム（内国株式）,小売業,小売
3093,トレジャー・ファクトリー,プライム（内国株式）,小売業,小売
3097,物語コーポレーション,プライム（内国株式）,小売業,小売
3099,三越伊勢丹ホールディングス,プライム（内国株式）,小売業,小売
3101,東洋紡,プライム（内国株式）,化学,素材・化学
3104,富士紡ホールディングス,プライム（内国株式）,繊維製品,素材・化学
3105,日清紡ホールディングス,プライム（内国株式）,電気機器,電機・精密
3106,倉敷紡績,プライム（内国株式）,繊維製品,素材・化学
3107,ダイワボウホールディングス,プライム（内国株式）,卸売業,商社・卸売
3109,シキボウ,プライム（内国株式）,繊維製品,素材・化学
3110,日東紡績,プライム（内国株式）,ガラス・土石製品,建設・資材
3116,トヨタ紡織,プライム（内国株式）,輸送用機器,自動車・輸送機
3132,マクニカホールディングス,プライム（内国株式）,卸売業,商社・卸売
3139,ラクト・ジャパン,プライム（内国株式）,卸売業,商社・卸売
3148,クリエイトＳＤホールディングス,プライム（内国株式）,小売業,小売
3150,グリムス,プライム（内国株式）,電気・ガス業,電力・ガス
3151,バイタルケーエスケー・ホールディングス,プライム（内国株式）,卸売業,商社・卸売
3153,八洲電機,プライム（内国株式）,卸売業,商社・卸売
3154,メディアスホールディングス,プライム（内国株式）,卸売業,商社・卸売
3156,レスター,プライム（内国株式）,卸売業,商社・卸売
3167,ＴＯＫＡＩホールディングス,プライム（内国株式）,卸売業,商社・卸売
3176,三洋貿易,プライム（内国株式）,卸売業,商社・卸売
3179,シュッピン,プライム（内国株式）,小売業,小売
3180,ビューティガレージ,プライム（内国株式）,卸売業,商社・卸売
3182,オイシックス,プライム（内国株式）,小売業,小売
3183,ウイン・パートナーズ,プライム（内国株式）,卸売業,商社・卸売
3186,ネクステージ,プライム（内国株式）,小売業,小売
3191,ジョイフル本田,プライム（内国株式）,小売業,小売
3193,エターナルホスピタリティグループ,プライム（内国株式）,小売業,小売
3196,ホットランドホールディングス,プライム（内国株式）,小売業,小売
3197,すかいらーくホールディングス,プライム（内国株式）,小売業,小売
3199,綿半ホールディングス,プライム（内国株式）,小売業,小売
3201,日本毛織,プライム（内国株式）,繊維製品,素材・化学
3221,ヨシックスホールディングス,プライム（内国株式）,小売業,小売
3231,野村不動産ホールディングス,プライム（内国株式）,不動産業,不動産
3232,三重交通グループホールディングス,プライム（内国株式）,不動産業,不動産
3245,ディア・ライフ,プライム（内国株式）,不動産業,不動産
3252,地主,プライム（内国株式）,不動産業,不動産
3276,ＪＰＭＣ,プライム（内国株式）,不動産業,不動産
3284,フージャースホールディングス,プライム（内国株式）,不動産業,不動産
3288,オープンハウスグループ,プライム（内国株式）,不動産業,不動産
3289,東急不動産ホールディングス,プライム（内国株式）,不動産業,不動産
3291,飯田グループホールディングス,プライム（内国株式）,不動産業,不動産
3302,帝国繊維,プライム（内国株式）,繊維製品,素材・化学
3315,日本コークス工業,プライム（内国株式）,石油・石炭製品,エネルギー資源
3333,あさひ,プライム（内国株式）,小売業,小売
3349,コスモス薬品,プライム（内国株式）,小売業,小売
3360,シップヘルスケアホールディングス,プライム（内国株式）,卸売業,商社・卸売
3371,ソフトクリエイトホールディングス,プライム（内国株式）,情報・通信業,情報通信・サービスその他
3382,セブン＆アイ・ホールディングス,プライム（内国株式）,小売業,小売
3387,クリエイト・レストランツ・ホールディングス,プライム（内国株式）,小売業,小売
3388,明治電機工業,プライム（内国株式）,卸売業,商社・卸売
3391,ツルハホールディングス,プライム（内国株式）,小売業,小売
3393,スターティアホールディングス,プライム（内国株式）,卸売業,商社・卸売
3395,サンマルクホールディングス,プライム（内国株式）,小売業,小売
3397,トリドールホールディングス,プライム（内国株式）,小売業,小売
3401,帝人,プライム（内国株式）,繊維製品,素材・化学
3402,東レ,プライム（内国株式）,繊維製品,素材・化学
3405,クラレ,プライム（内国株式）,化学,素材・化学
3407,旭化成,プライム（内国株式）,化学,素材・化学
3415,ＴＯＫＹＯ　ＢＡＳＥ,プライム（内国株式）,小売業,小売
3431,宮地エンジニアリンググループ,プライム（内国株式）,金属製品,建設・資材
3433,トーカロ,プライム（内国株式）,金属製品,建設・資材
3436,ＳＵＭＣＯ,プライム（内国株式）,金属製品,建設・資材
3443,川田テクノロジーズ,プライム（内国株式）,金属製品,建設・資材
3445,ＲＳ　Ｔｅｃｈｎｏｌｏｇｉｅｓ,プライム（内国株式）,金属製品,建設・資材
3457,Ａｎｄ　Ｄｏホールディングス,プライム（内国株式）,不動産業,不動産
3465,ケイアイスター不動産,プライム（内国株式）,不動産業,不動産
3475,グッドコムアセット,プライム（内国株式）,不動産業,不動産
3480,ジェイ・エス・ビー,プライム（内国株式）,不動産業,不動産
3482,ロードスターキャピタル,プライム（内国株式）,不動産業,不動産
3486,グローバル・リンク・マネジメント,プライム（内国株式）,不動産業,不動産
3496,アズーム,プライム（内国株式）,不動産業,不動産
3498,霞ヶ関キャピタル,プライム（内国株式）,不動産業,不動産
3501,ＳＵＭＩＮＯＥ,プライム（内国株式）,繊維製品,素材・化学
3539,ＪＭホールディングス,プライム（内国株式）,小売業,小売
3543,コメダホールディングス,プライム（内国株式）,卸売業,商社・卸売
3548,バロックジャパンリミテッド,プライム（内国株式）,小売業,小売
3561,力の源ホールディングス,プライム（内国株式）,小売業,小売
3563,ＦＯＯＤ　＆　ＬＩＦＥ　ＣＯＭＰＡＮＩＥＳ,プライム（内国株式）,小売業,小売
3569,セーレン,プライム（内国株式）,繊維製品,素材・化学
3580,小松マテーレ,プライム（内国株式）,繊維製品,素材・化学
3591,ワコールホールディングス,プライム（内国株式）,繊維製品,素材・化学
3608,ＴＳＩホールディングス,プライム（内国株式）,繊維製品,素材・化学
3612,ワールド,プライム（内国株式）,繊維製品,素材・化学
3626,ＴＩＳＩ,プライム（内国株式）,情報・通信業,情報通信・サービスその他
3632,グリーホールディングス,プライム（内国株式）,情報・通信業,情報通信・サービスその他
3635,コーエーテクモホールディングス,プライム（内国株式）,情報・通信業,情報通信・サービスその他
3636,三菱総合研究所,プライム（内国株式）,情報・通信業,情報通信・サービスその他
3649,ファインデックス,プライム（内国株式）,情報・通信業,情報通信・サービスその他
3656,ＫＬａｂ,プライム（内国株式）,情報・通信業,情報通信・サービスその他
3657,ポールトゥウィンホールディングス,プライム（内国株式）,情報・通信業,情報通信・サービスその他
3659,ネクソン,プライム（内国株式）,情報・通信業,情報通信・サービスその他
3660,アイスタイル,プライム（内国株式）,情報・通信業,情報通信・サービスその他
3661,エムアップホールディングス,プライム（内国株式）,情報・通信業,情報通信・サービスその他
3662,エイチームホールディングス,プライム（内国株式）,情報・通信業,情報通信・サービスその他
3663,セルシス,プライム（内国株式）,情報・通信業,情報通信・サービスその他
3665,エニグモ,プライム（内国株式）,情報・通信業,情報通信・サービスその他
3668,コロプラ,プライム（内国株式）,情報・通信業,情報通信・サービスその他
3673,ブロードリーフ,プライム（内国株式）,情報・通信業,情報通信・サービスその他
3676,デジタルハーツホールディングス,プライム（内国株式）,情報・通信業,情報通信・サービスその他
3678,メディアドゥ,プライム（内国株式）,情報・通信業,情報通信・サービスその他
3679,じげん,プライム（内国株式）,情報・通信業,情報通信・サービスその他
3687,フィックスターズ,プライム（内国株式）,情報・通信業,情報通信・サービスその他
3694,オプティム,プライム（内国株式）,情報・通信業,情報通信・サービスその他
3696,セレス,プライム（内国株式）,情報・通信業,情報通信・サービスその他
3697,ＳＨＩＦＴ,プライム（内国株式）,情報・通信業,情報通信・サービスその他
3708,特種東海製紙,プライム（内国株式）,パルプ・紙,素材・化学
3741,セック,プライム（内国株式）,情報・通信業,情報通信・サービスその他
3762,テクマトリックス,プライム（内国株式）,情報・通信業,情報通信・サービスその他
3763,プロシップ,プライム（内国株式）,情報・通信業,情報通信・サービスその他
3765,ガンホー・オンライン・エンターテイメント,プライム（内国株式）,情報・通信業,情報通信・サービスその他
3769,ＧＭＯペイメントゲートウェイ,プライム（内国株式）,情報・通信業,情報通信・サービスその他
3771,システムリサーチ,プライム（内国株式）,情報・通信業,情報通信・サービスその他
3774,インターネットイニシアティブ,プライム（内国株式）,情報・通信業,情報通信・サービスその他
3778,さくらインターネット,プライム（内国株式）,情報・通信業,情報通信・サービスその他
3788,ＧＭＯグローバルサイン・ホールディングス,プライム（内国株式）,情報・通信業,情報通信・サービスその他
3817,ＳＲＡホールディングス,プライム（内国株式）,情報・通信業,情報通信・サービスその他
3834,朝日ネット,プライム（内国株式）,情報・通信業,情報通信・サービスその他
3835,ｅＢＡＳＥ,プライム（内国株式）,情報・通信業,情報通信・サービスその他
3836,アバントグループ,プライム（内国株式）,情報・通信業,情報通信・サービスその他
3837,アドソル日進,プライム（内国株式）,情報・通信業,情報通信・サービスその他
3843,フリービット,プライム（内国株式）,情報・通信業,情報通信・サービスその他
3844,コムチュア,プライム（内国株式）,情報・通信業,情報通信・サービスその他
3853,アステリア,プライム（内国株式）,情報・通信業,情報通信・サービスその他
3854,アイル,プライム（内国株式）,情報・通信業,情報通信・サービスその他
3861,王子ホールディングス,プライム（内国株式）,パルプ・紙,素材・化学
3863,日本製紙,プライム（内国株式）,パルプ・紙,素材・化学
3864,三菱製紙,プライム（内国株式）,パルプ・紙,素材・化学
3865,北越コーポレーション,プライム（内国株式）,パルプ・紙,素材・化学
3877,中越パルプ工業,プライム（内国株式）,パルプ・紙,素材・化学
3880,大王製紙,プライム（内国株式）,パルプ・紙,素材・化学
3901,マークラインズ,プライム（内国株式）,情報・通信業,情報通信・サービスその他
3903,ｇｕｍｉ,プライム（内国株式）,情報・通信業,情報通信・サービスその他
3915,テラスカイ,プライム（内国株式）,情報・通信業,情報通信・サービスその他
3916,デジタル・インフォメーション・テクノロジー,プライム（内国株式）,情報・通信業,情報通信・サービスその他
3921,ネオジャパン,プライム（内国株式）,情報・通信業,情報通信・サービスその他
3922,ＰＲ　ＴＩＭＥＳ,プライム（内国株式）,情報・通信業,情報通信・サービスその他
3923,ラクス,プライム（内国株式）,情報・通信業,情報通信・サービスその他
3925,ダブルスタンダード,プライム（内国株式）,情報・通信業,情報通信・サービスその他
3932,アカツキ,プライム（内国株式）,情報・通信業,情報通信・サービスその他
3939,カナミックネットワーク,プライム（内国株式）,情報・通信業,情報通信・サービスその他
3941,レンゴー,プライム（内国株式）,パルプ・紙,素材・化学
3946,トーモク,プライム（内国株式）,パルプ・紙,素材・化学
3950,ザ・パック,プライム（内国株式）,パルプ・紙,素材・化学
3962,チェンジホールディングス,プライム（内国株式）,情報・通信業,情報通信・サービスその他
3963,シンクロ・フード,プライム（内国株式）,情報・通信業,情報通信・サービスその他
3964,オークネット,プライム（内国株式）,情報・通信業,情報通信・サービスその他
3968,セグエグループ,プライム（内国株式）,情報・通信業,情報通信・サービスその他
3983,オロ,プライム（内国株式）,情報・通信業,情報通信・サービスその他
3984,ユーザーローカル,プライム（内国株式）,情報・通信業,情報通信・サービスその他
3992,ニーズウェル,プライム（内国株式）,情報・通信業,情報通信・サービスその他
3993,ＰＫＳＨＡ　Ｔｅｃｈｎｏｌｏｇｙ,プライム（内国株式）,情報・通信業,情報通信・サービスその他
3994,マネーフォワード,プライム（内国株式）,情報・通信業,情報通信・サービスその他
4004,レゾナック・ホールディングス,プライム（内国株式）,化学,素材・化学
4005,住友化学,プライム（内国株式）,化学,素材・化学
4008,住友精化,プライム（内国株式）,化学,素材・化学
4021,日産化学,プライム（内国株式）,化学,素材・化学
4022,ラサ工業,プライム（内国株式）,化学,素材・化学
4023,クレハ,プライム（内国株式）,化学,素材・化学
4025,多木化学,プライム（内国株式）,化学,素材・化学
4027,テイカ,プライム（内国株式）,化学,素材・化学
4028,石原産業,プライム（内国株式）,化学,素材・化学
4041,日本曹達,プライム（内国株式）,化学,素材・化学
4042,東ソー,プライム（内国株式）,化学,素材・化学
4043,トクヤマ,プライム（内国株式）,化学,素材・化学
4044,セントラル硝子,プライム（内国株式）,化学,素材・化学
4045,東亞合成,プライム（内国株式）,化学,素材・化学
4046,大阪ソーダ,プライム（内国株式）,化学,素材・化学
4047,関東電化工業,プライム（内国株式）,化学,素材・化学
4051,ＧＭＯフィナンシャルゲート,プライム（内国株式）,情報・通信業,情報通信・サービスその他
4053,Ｓｕｎ　Ａｓｔｅｒｉｓｋ,プライム（内国株式）,情報・通信業,情報通信・サービスその他
4061,デンカ,プライム（内国株式）,化学,素材・化学
4062,イビデン,プライム（内国株式）,電気機器,電機・精密
4063,信越化学工業,プライム（内国株式）,化学,素材・化学
4064,日本カーバイド工業,プライム（内国株式）,化学,素材・化学
4071,プラスアルファ・コンサルティング,プライム（内国株式）,情報・通信業,情報通信・サービスその他
4072,電算システムホールディングス,プライム（内国株式）,情報・通信業,情報通信・サービスその他
4078,堺化学工業,プライム（内国株式）,化学,素材・化学
4082,第一稀元素化学工業,プライム（内国株式）,化学,素材・化学
4088,エア・ウォーター,プライム（内国株式）,化学,素材・化学
4091,日本酸素ホールディングス,プライム（内国株式）,化学,素材・化学
4092,日本化学工業,プライム（内国株式）,化学,素材・化学
4095,日本パーカライジング,プライム（内国株式）,化学,素材・化学
4097,高圧ガス工業,プライム（内国株式）,化学,素材・化学
4099,四国化成ホールディングス,プライム（内国株式）,化学,素材・化学
4109,ステラ　ケミファ,プライム（内国株式）,化学,素材・化学
4112,保土谷化学工業,プライム（内国株式）,化学,素材・化学
4114,日本触媒,プライム（内国株式）,化学,素材・化学
4116,大日精化工業,プライム（内国株式）,化学,素材・化学
4118,カネカ,プライム（内国株式）,化学,素材・化学
4151,協和キリン,プライム（内国株式）,医薬品,医薬品
4180,Ａｐｐｉｅｒ　Ｇｒｏｕｐ,プライム（内国株式）,情報・通信業,情報通信・サービスその他
4182,三菱瓦斯化学,プライム（内国株式）,化学,素材・化学
4183,三井化学,プライム（内国株式）,化学,素材・化学
4186,東京応化工業,プライム（内国株式）,化学,素材・化学
4187,大阪有機化学工業,プライム（内国株式）,化学,素材・化学
4188,三菱ケミカルグループ,プライム（内国株式）,化学,素材・化学
4189,ＫＨネオケム,プライム（内国株式）,化学,素材・化学
4194,ビジョナル,プライム（内国株式）,情報・通信業,情報通信・サービスその他
4202,ダイセル,プライム（内国株式）,化学,素材・化学
4203,住友ベークライト,プライム（内国株式）,化学,素材・化学
4204,積水化学工業,プライム（内国株式）,化学,素材・化学
4205,日本ゼオン,プライム（内国株式）,化学,素材・化学
4206,アイカ工業,プライム（内国株式）,化学,素材・化学
4208,ＵＢＥ,プライム（内国株式）,化学,素材・化学
4212,積水樹脂,プライム（内国株式）,化学,素材・化学
4216,旭有機材,プライム（内国株式）,化学,素材・化学
4218,ニチバン,プライム（内国株式）,化学,素材・化学
4220,リケンテクノス,プライム（内国株式）,化学,素材・化学
4221,大倉工業,プライム（内国株式）,化学,素材・化学
4228,積水化成品工業,プライム（内国株式）,化学,素材・化学
4229,群栄化学工業,プライム（内国株式）,化学,素材・化学
4246,ダイキョーニシカワ,プライム（内国株式）,化学,素材・化学
4249,森六,プライム（内国株式）,化学,素材・化学
4251,恵和,プライム（内国株式）,化学,素材・化学
4272,日本化薬,プライム（内国株式）,化学,素材・化学
4275,カーリット,プライム（内国株式）,化学,素材・化学
4290,プレステージ・インターナショナル,プライム（内国株式）,サービス業,情報通信・サービスその他
4301,アミューズ,プライム（内国株式）,サービス業,情報通信・サービスその他
4307,野村総合研究所,プライム（内国株式）,情報・通信業,情報通信・サービスその他
4310,ドリームインキュベータ,プライム（内国株式）,サービス業,情報通信・サービスその他
4318,クイック,プライム（内国株式）,サービス業,情報通信・サービスその他
4323,日本システム技術,プライム（内国株式）,情報・通信業,情報通信・サービスその他
4324,電通グループ,プライム（内国株式）,サービス業,情報通信・サービスその他
4326,インテージホールディングス,プライム（内国株式）,情報・通信業,情報通信・サービスその他
4331,テイクアンドギヴ・ニーズ,プライム（内国株式）,サービス業,情報通信・サービスその他
4337,ぴあ,プライム（内国株式）,サービス業,情報通信・サービスその他
4343,イオンファンタジー,プライム（内国株式）,サービス業,情報通信・サービスその他
4344,ソースネクスト,プライム（内国株式）,情報・通信業,情報通信・サービスその他
4345,シーティーエス,プライム（内国株式）,サービス業,情報通信・サービスその他
4362,日本精化,プライム（内国株式）,化学,素材・化学
4368,扶桑化学工業,プライム（内国株式）,化学,素材・化学
4369,トリケミカル研究所,プライム（内国株式）,化学,素材・化学
4373,シンプレクス・ホールディングス,プライム（内国株式）,情報・通信業,情報通信・サービスその他
4385,メルカリ,プライム（内国株式）,情報・通信業,情報通信・サービスその他
4390,ＩＰＳ,プライム（内国株式）,情報・通信業,情報通信・サービスその他
4392,ＦＩＧ,プライム（内国株式）,情報・通信業,情報通信・サービスその他
4396,システムサポートホールディングス,プライム（内国株式）,情報・通信業,情報通信・サービスその他
4401,ＡＤＥＫＡ,プライム（内国株式）,化学,素材・化学
4403,日油,プライム（内国株式）,化学,素材・化学
4410,ハリマ化成グループ,プライム（内国株式）,化学,素材・化学
4413,ボードルア,プライム（内国株式）,情報・通信業,情報通信・サービスその他
4432,ウイングアーク１ｓｔ,プライム（内国株式）,情報・通信業,情報通信・サービスその他
4433,ヒト・コミュニケーションズ・ホールディングス,プライム（内国株式）,サービス業,情報通信・サービスその他
4443,Ｓａｎｓａｎ,プライム（内国株式）,情報・通信業,情報通信・サービスその他
4452,花王,プライム（内国株式）,化学,素材・化学
4461,第一工業製薬,プライム（内国株式）,化学,素材・化学
4462,石原ケミカル,プライム（内国株式）,化学,素材・化学
4471,三洋化成工業,プライム（内国株式）,化学,素材・化学
4480,メドレー,プライム（内国株式）,情報・通信業,情報通信・サービスその他
4481,ベース,プライム（内国株式）,情報・通信業,情報通信・サービスその他
4483,ＪＭＤＣ,プライム（内国株式）,情報・通信業,情報通信・サービスその他
4502,武田薬品工業,プライム（内国株式）,医薬品,医薬品
4503,アステラス製薬,プライム（内国株式）,医薬品,医薬品
4506,住友ファーマ,プライム（内国株式）,医薬品,医薬品
4507,塩野義製薬,プライム（内国株式）,医薬品,医薬品
4516,日本新薬,プライム（内国株式）,医薬品,医薬品
4519,中外製薬,プライム（内国株式）,医薬品,医薬品
4521,科研製薬,プライム（内国株式）,医薬品,医薬品
4523,エーザイ,プライム（内国株式）,医薬品,医薬品
4526,理研ビタミン,プライム（内国株式）,食料品,食品
4527,ロート製薬,プライム（内国株式）,医薬品,医薬品
4528,小野薬品工業,プライム（内国株式）,医薬品,医薬品
4534,持田製薬,プライム（内国株式）,医薬品,医薬品
4536,参天製薬,プライム（内国株式）,医薬品,医薬品
4538,扶桑薬品工業,プライム（内国株式）,医薬品,医薬品
4540,ツムラ,プライム（内国株式）,医薬品,医薬品
4543,テルモ,プライム（内国株式）,精密機器,電機・精密
4544,Ｈ．Ｕ．グループホールディングス,プライム（内国株式）,サービス業,情報通信・サービスその他
4547,キッセイ薬品工業,プライム（内国株式）,医薬品,医薬品
4548,生化学工業,プライム（内国株式）,医薬品,医薬品
4549,栄研化学,プライム（内国株式）,医薬品,医薬品
4552,ＪＣＲファーマ,プライム（内国株式）,医薬品,医薬品
4553,東和薬品,プライム（内国株式）,医薬品,医薬品
4554,富士製薬工業,プライム（内国株式）,医薬品,医薬品
4559,ゼリア新薬工業,プライム（内国株式）,医薬品,医薬品
4565,ネクセラファーマ,プライム（内国株式）,医薬品,医薬品
4568,第一三共,プライム（内国株式）,医薬品,医薬品
4569,杏林製薬,プライム（内国株式）,医薬品,医薬品
4574,大幸薬品,プライム（内国株式）,医薬品,医薬品
4577,ダイト,プライム（内国株式）,医薬品,医薬品
4578,大塚ホールディングス,プライム（内国株式）,医薬品,医薬品
4587,ペプチドリーム,プライム（内国株式）,医薬品,医薬品
4611,大日本塗料,プライム（内国株式）,化学,素材・化学
4612,日本ペイントホールディングス,プライム（内国株式）,化学,素材・化学
4613,関西ペイント,プライム（内国株式）,化学,素材・化学
4617,中国塗料,プライム（内国株式）,化学,素材・化学
4626,太陽ホールディングス,プライム（内国株式）,化学,素材・化学
4631,ＤＩＣ,プライム（内国株式）,化学,素材・化学
4633,サカタインクス,プライム（内国株式）,化学,素材・化学
4634,ａｒｔｉｅｎｃｅ,プライム（内国株式）,化学,素材・化学
4641,アルプス技研,プライム（内国株式）,サービス業,情報通信・サービスその他
4658,日本空調サービス,プライム（内国株式）,サービス業,情報通信・サービスその他
4661,オリエンタルランド,プライム（内国株式）,サービス業,情報通信・サービスその他
4662,フォーカスシステムズ,プライム（内国株式）,情報・通信業,情報通信・サービスその他
4665,ダスキン,プライム（内国株式）,サービス業,情報通信・サービスその他
4666,パーク２４,プライム（内国株式）,不動産業,不動産
4668,明光ネットワークジャパン,プライム（内国株式）,サービス業,情報通信・サービスその他
4674,クレスコ,プライム（内国株式）,情報・通信業,情報通信・サービスその他
4676,フジ・メディア・ホールディングス,プライム（内国株式）,情報・通信業,情報通信・サービスその他
4680,ラウンドワン,プライム（内国株式）,サービス業,情報通信・サービスその他
4681,リゾートトラスト,プライム（内国株式）,サービス業,情報通信・サービスその他
4684,オービック,プライム（内国株式）,情報・通信業,情報通信・サービスその他
4686,ジャストシステム,プライム（内国株式）,情報・通信業,情報通信・サービスその他
4687,ＴＤＣソフト,プライム（内国株式）,情報・通信業,情報通信・サービスその他
4689,ＬＩＮＥヤフー,プライム（内国株式）,情報・通信業,情報通信・サービスその他
4694,ビー・エム・エル,プライム（内国株式）,サービス業,情報通信・サービスその他
4704,トレンドマイクロ,プライム（内国株式）,情報・通信業,情報通信・サービスその他
4709,ＩＤホールディングス,プライム（内国株式）,情報・通信業,情報通信・サービスその他
4714,リソー教育グループ,プライム（内国株式）,サービス業,情報通信・サービスその他
4718,早稲田アカデミー,プライム（内国株式）,サービス業,情報通信・サービスその他
4719,アルファシステムズ,プライム（内国株式）,情報・通信業,情報通信・サービスその他
4722,フューチャー,プライム（内国株式）,情報・通信業,情報通信・サービスその他
4725,ＣＡＣ　Ｈｏｌｄｉｎｇｓ,プライム（内国株式）,情報・通信業,情報通信・サービスその他
4732,ユー・エス・エス,プライム（内国株式）,サービス業,情報通信・サービスその他
4733,オービックビジネスコンサルタント,プライム（内国株式）,情報・通信業,情報通信・サービスその他
4743,アイティフォー,プライム（内国株式）,情報・通信業,情報通信・サービスその他
4751,サイバーエージェント,プライム（内国株式）,サービス業,情報通信・サービスその他
4755,楽天グループ,プライム（内国株式）,サービス業,情報通信・サービスその他
4763,クリーク・アンド・リバー社,プライム（内国株式）,サービス業,情報通信・サービスその他
4765,ＳＢＩグローバルアセットマネジメント,プライム（内国株式）,サービス業,情報通信・サービスその他
4768,大塚商会,プライム（内国株式）,情報・通信業,情報通信・サービスその他
4776,サイボウズ,プライム（内国株式）,情報・通信業,情報通信・サービスその他
4784,ＧＭＯインターネット,プライム（内国株式）,サービス業,情報通信・サービスその他
4792,山田コンサルティンググループ,プライム（内国株式）,サービス業,情報通信・サービスその他
4801,セントラルスポーツ,プライム（内国株式）,サービス業,情報通信・サービスその他
4809,パラカ,プライム（内国株式）,不動産業,不動産
4812,電通総研,プライム（内国株式）,情報・通信業,情報通信・サービスその他
4813,ＡＣＣＥＳＳ,プライム（内国株式）,情報・通信業,情報通信・サービスその他
4819,デジタルガレージ,プライム（内国株式）,情報・通信業,情報通信・サービスその他
4820,イーエムシステムズ,プライム（内国株式）,情報・通信業,情報通信・サービスその他
4825,ウェザーニューズ,プライム（内国株式）,情報・通信業,情報通信・サービスその他
4826,ＣＩＪ,プライム（内国株式）,情報・通信業,情報通信・サービスその他
4828,ビジネスエンジニアリング,プライム（内国株式）,情報・通信業,情報通信・サービスその他
4839,ＷＯＷＯＷ,プライム（内国株式）,情報・通信業,情報通信・サービスその他
4847,インテリジェント　ウェイブ,プライム（内国株式）,情報・通信業,情報通信・サービスその他
4848,フルキャストホールディングス,プライム（内国株式）,サービス業,情報通信・サービスその他
4849,エン,プライム（内国株式）,サービス業,情報通信・サービスその他
4886,あすか製薬ホールディングス,プライム（内国株式）,医薬品,医薬品
4887,サワイグループホールディングス,プライム（内国株式）,医薬品,医薬品
4901,富士フイルムホールディングス,プライム（内国株式）,化学,素材・化学
4902,コニカミノルタ,プライム（内国株式）,電気機器,電機・精密
4911,資生堂,プライム（内国株式）,化学,素材・化学
4912,ライオン,プライム（内国株式）,化学,素材・化学
4914,高砂香料工業,プライム（内国株式）,化学,素材・化学
4919,ミルボン,プライム（内国株式）,化学,素材・化学
4922,コーセーホールディングス,プライム（内国株式）,化学,素材・化学
4923,コタ,プライム（内国株式）,化学,素材・化学
4927,ポーラ・オルビスホールディングス,プライム（内国株式）,化学,素材・化学
4928,ノエビアホールディングス,プライム（内国株式）,化学,素材・化学
4931,新日本製薬,プライム（内国株式）,化学,素材・化学
4933,Ｉ－ｎｅ,プライム（内国株式）,化学,素材・化学
4951,エステー,プライム（内国株式）,化学,素材・化学
4956,コニシ,プライム（内国株式）,化学,素材・化学
4958,長谷川香料,プライム（内国株式）,化学,素材・化学
4967,小林製薬,プライム（内国株式）,化学,素材・化学
4968,荒川化学工業,プライム（内国株式）,化学,素材・化学
4971,メック,プライム（内国株式）,化学,素材・化学
4973,日本高純度化学,プライム（内国株式）,化学,素材・化学
4975,ＪＣＵ,プライム（内国株式）,化学,素材・化学
4980,デクセリアルズ,プライム（内国株式）,化学,素材・化学
4985,アース製薬,プライム（内国株式）,化学,素材・化学
4996,クミアイ化学工業,プライム（内国株式）,化学,素材・化学
4997,日本農薬,プライム（内国株式）,化学,素材・化学
5011,ニチレキグループ,プライム（内国株式）,石油・石炭製品,エネルギー資源
5016,ＪＸ金属,プライム（内国株式）,非鉄金属,鉄鋼・非鉄
5019,出光興産,プライム（内国株式）,石油・石炭製品,エネルギー資源
5020,ＥＮＥＯＳホールディングス,プライム（内国株式）,石油・石炭製品,エネルギー資源
5021,コスモエネルギーホールディングス,プライム（内国株式）,石油・石炭製品,エネルギー資源
5032,ＡＮＹＣＯＬＯＲ,プライム（内国株式）,情報・通信業,情報通信・サービスその他
5036,日本ビジネスシステムズ,プライム（内国株式）,情報・通信業,情報通信・サービスその他
5074,テスホールディングス,プライム（内国株式）,建設業,建設・資材
5076,インフロニア・ホールディングス,プライム（内国株式）,建設業,建設・資材
5101,横浜ゴム,プライム（内国株式）,ゴム製品,自動車・輸送機
5105,ＴＯＹＯ　ＴＩＲＥ,プライム（内国株式）,ゴム製品,自動車・輸送機
5108,ブリヂストン,プライム（内国株式）,ゴム製品,自動車・輸送機
5110,住友ゴム工業,プライム（内国株式）,ゴム製品,自動車・輸送機
5121,藤倉コンポジット,プライム（内国株式）,ゴム製品,自動車・輸送機
5122,オカモト,プライム（内国株式）,ゴム製品,自動車・輸送機
5142,アキレス,プライム（内国株式）,化学,素材・化学
5185,フコク,プライム（内国株式）,ゴム製品,自動車・輸送機
5186,ニッタ,プライム（内国株式）,ゴム製品,自動車・輸送機
5192,三ツ星ベルト,プライム（内国株式）,ゴム製品,自動車・輸送機
5195,バンドー化学,プライム（内国株式）,ゴム製品,自動車・輸送機
5201,ＡＧＣ,プライム（内国株式）,ガラス・土石製品,建設・資材
5202,日本板硝子,プライム（内国株式）,ガラス・土石製品,建設・資材
5208,有沢製作所,プライム（内国株式）,化学,素材・化学
5214,日本電気硝子,プライム（内国株式）,ガラス・土石製品,建設・資材
5232,住友大阪セメント,プライム（内国株式）,ガラス・土石製品,建設・資材
5233,太平洋セメント,プライム（内国株式）,ガラス・土石製品,建設・資材
5261,リソルホールディングス,プライム（内国株式）,サービス業,情報通信・サービスその他
5262,日本ヒューム,プライム（内国株式）,ガラス・土石製品,建設・資材
5269,日本コンクリート工業,プライム（内国株式）,ガラス・土石製品,建設・資材
5288,アジアパイルホールディングス,プライム（内国株式）,ガラス・土石製品,建設・資材
5301,東海カーボン,プライム（内国株式）,ガラス・土石製品,建設・資材
5302,日本カーボン,プライム（内国株式）,ガラス・土石製品,建設・資材
5310,東洋炭素,プライム（内国株式）,ガラス・土石製品,建設・資材
5331,ノリタケ,プライム（内国株式）,ガラス・土石製品,建設・資材
5332,ＴＯＴＯ,プライム（内国株式）,ガラス・土石製品,建設・資材
5333,ＮＧＫ,プライム（内国株式）,ガラス・土石製品,建設・資材
5334,日本特殊陶業,プライム（内国株式）,ガラス・土石製品,建設・資材
5344,ＭＡＲＵＷＡ,プライム（内国株式）,ガラス・土石製品,建設・資材
5351,品川リフラ,プライム（内国株式）,ガラス・土石製品,建設・資材
5357,ヨータイ,プライム（内国株式）,ガラス・土石製品,建設・資材
5384,フジミインコーポレーテッド,プライム（内国株式）,ガラス・土石製品,建設・資材
5393,ニチアス,プライム（内国株式）,ガラス・土石製品,建設・資材
5401,日本製鉄,プライム（内国株式）,鉄鋼,鉄鋼・非鉄
5406,神戸製鋼所,プライム（内国株式）,鉄鋼,鉄鋼・非鉄
5408,中山製鋼所,プライム（内国株式）,鉄鋼,鉄鋼・非鉄
5410,合同製鐵,プライム（内国株式）,鉄鋼,鉄鋼・非鉄
5411,ＪＦＥホールディングス,プライム（内国株式）,鉄鋼,鉄鋼・非鉄
5423,東京製鐵,プライム（内国株式）,鉄鋼,鉄鋼・非鉄
5440,共英製鋼,プライム（内国株式）,鉄鋼,鉄鋼・非鉄
5444,大和工業,プライム（内国株式）,鉄鋼,鉄鋼・非鉄
5445,東京鐵鋼,プライム（内国株式）,鉄鋼,鉄鋼・非鉄
5451,ヨドコウ,プライム（内国株式）,鉄鋼,鉄鋼・非鉄
5461,中部鋼鈑,プライム（内国株式）,鉄鋼,鉄鋼・非鉄
5463,丸一鋼管,プライム（内国株式）,鉄鋼,鉄鋼・非鉄
5471,大同特殊鋼,プライム（内国株式）,鉄鋼,鉄鋼・非鉄
5480,日本冶金工業,プライム（内国株式）,鉄鋼,鉄鋼・非鉄
5482,愛知製鋼,プライム（内国株式）,鉄鋼,鉄鋼・非鉄
5535,ミガロホールディングス,プライム（内国株式）,不動産業,不動産
5541,大平洋金属,プライム（内国株式）,鉄鋼,鉄鋼・非鉄
5563,新日本電工,プライム（内国株式）,鉄鋼,鉄鋼・非鉄
5602,栗本鐵工所,プライム（内国株式）,鉄鋼,鉄鋼・非鉄
5631,日本製鋼所,プライム（内国株式）,機械,機械
5632,三菱製鋼,プライム（内国株式）,鉄鋼,鉄鋼・非鉄
5659,日本精線,プライム（内国株式）,鉄鋼,鉄鋼・非鉄
5702,大紀アルミニウム工業所,プライム（内国株式）,非鉄金属,鉄鋼・非鉄
5703,日本軽金属ホールディングス,プライム（内国株式）,非鉄金属,鉄鋼・非鉄
5706,三井金属,プライム（内国株式）,非鉄金属,鉄鋼・非鉄
5707,東邦亜鉛,プライム（内国株式）,非鉄金属,鉄鋼・非鉄
5711,三菱マテリアル,プライム（内国株式）,非鉄金属,鉄鋼・非鉄
5713,住友金属鉱山,プライム（内国株式）,非鉄金属,鉄鋼・非鉄
5714,ＤＯＷＡホールディングス,プライム（内国株式）,非鉄金属,鉄鋼・非鉄
5715,古河機械金属,プライム（内国株式）,非鉄金属,鉄鋼・非鉄
5726,大阪チタニウムテクノロジーズ,プライム（内国株式）,非鉄金属,鉄鋼・非鉄
5741,ＵＡＣＪ,プライム（内国株式）,非鉄金属,鉄鋼・非鉄
5757,ＣＫサンエツ,プライム（内国株式）,非鉄金属,鉄鋼・非鉄
5801,古河電気工業,プライム（内国株式）,非鉄金属,鉄鋼・非鉄
5802,住友電気工業,プライム（内国株式）,非鉄金属,鉄鋼・非鉄
5803,フジクラ,プライム（内国株式）,非鉄金属,鉄鋼・非鉄
5805,ＳＷＣＣ,プライム（内国株式）,非鉄金属,鉄鋼・非鉄
5821,平河ヒューテック,プライム（内国株式）,非鉄金属,鉄鋼・非鉄
5830,いよぎんホールディングス,プライム（内国株式）,銀行業,銀行
5831,しずおかフィナンシャルグループ,プライム（内国株式）,銀行業,銀行
5832,ちゅうぎんフィナンシャルグループ,プライム（内国株式）,銀行業,銀行
5838,楽天銀行,プライム（内国株式）,銀行業,銀行
5844,京都フィナンシャルグループ,プライム（内国株式）,銀行業,銀行
5851,リョービ,プライム（内国株式）,非鉄金属,鉄鋼・非鉄
5852,アーレスティ,プライム（内国株式）,非鉄金属,鉄鋼・非鉄
5857,ＡＲＥホールディングス,プライム（内国株式）,非鉄金属,鉄鋼・非鉄
5889,Ｊａｐａｎ　Ｅｙｅｗｅａｒ　Ｈｏｌｄｉｎｇｓ,プライム（内国株式）,小売業,小売
5901,東洋製罐グループホールディングス,プライム（内国株式）,金属製品,建設・資材
5902,ホッカンホールディングス,プライム（内国株式）,金属製品,建設・資材
5911,横河ブリッジホールディングス,プライム（内国株式）,金属製品,建設・資材
5929,三和ホールディングス,プライム（内国株式）,金属製品,建設・資材
5930,文化シヤッター,プライム（内国株式）,金属製品,建設・資材
5932,三協立山,プライム（内国株式）,金属製品,建設・資材
5933,アルインコ,プライム（内国株式）,金属製品,建設・資材
5938,ＬＩＸＩＬ,プライム（内国株式）,金属製品,建設・資材
5943,ノーリツ,プライム（内国株式）,金属製品,建設・資材
5946,長府製作所,プライム（内国株式）,金属製品,建設・資材
5947,リンナイ,プライム（内国株式）,金属製品,建設・資材
5949,ユニプレス,プライム（内国株式）,輸送用機器,自動車・輸送機
5957,日東精工,プライム（内国株式）,金属製品,建設・資材
5959,岡部,プライム（内国株式）,金属製品,建設・資材
5970,ジーテクト,プライム（内国株式）,金属製品,建設・資材
5975,東プレ,プライム（内国株式）,金属製品,建設・資材
5976,高周波熱錬,プライム（内国株式）,金属製品,建設・資材
5981,東京製綱,プライム（内国株式）,金属製品,建設・資材
5988,パイオラックス,プライム（内国株式）,金属製品,建設・資材
5989,エイチワン,プライム（内国株式）,金属製品,建設・資材
5991,日本発條,プライム（内国株式）,金属製品,建設・資材
6005,三浦工業,プライム（内国株式）,機械,機械
6013,タクマ,プライム（内国株式）,機械,機械
6027,弁護士ドットコム,プライム（内国株式）,サービス業,情報通信・サービスその他
6036,ＫｅｅＰｅｒ技研,プライム（内国株式）,サービス業,情報通信・サービスその他
6050,イー・ガーディアン,プライム（内国株式）,サービス業,情報通信・サービスその他
6055,ジャパンマテリアル,プライム（内国株式）,サービス業,情報通信・サービスその他
6058,ベクトル,プライム（内国株式）,サービス業,情報通信・サービスその他
6062,チャーム・ケア・コーポレーション,プライム（内国株式）,サービス業,情報通信・サービスその他
6070,キャリアリンク,プライム（内国株式）,サービス業,情報通信・サービスその他
6071,ＩＢＪ,プライム（内国株式）,サービス業,情報通信・サービスその他
6073,アサンテ,プライム（内国株式）,サービス業,情報通信・サービスその他
6078,バリューＨＲ,プライム（内国株式）,サービス業,情報通信・サービスその他
6080,Ｍ＆Ａキャピタルパートナーズ,プライム（内国株式）,サービス業,情報通信・サービスその他
6088,シグマクシス・ホールディングス,プライム（内国株式）,サービス業,情報通信・サービスその他
6089,ウィルグループ,プライム（内国株式）,サービス業,情報通信・サービスその他
6098,リクルートホールディングス,プライム（内国株式）,サービス業,情報通信・サービスその他
6099,エラン,プライム（内国株式）,サービス業,情報通信・サービスその他
6101,ツガミ,プライム（内国株式）,機械,機械
6103,オークマ,プライム（内国株式）,機械,機械
6104,芝浦機械,プライム（内国株式）,機械,機械
6113,アマダ,プライム（内国株式）,機械,機械
6118,アイダエンジニアリング,プライム（内国株式）,機械,機械
6134,ＦＵＪＩ,プライム（内国株式）,機械,機械
6135,牧野フライス製作所,プライム（内国株式）,機械,機械
6136,オーエスジー,プライム（内国株式）,機械,機械
6140,旭ダイヤモンド工業,プライム（内国株式）,機械,機械
6141,ＤＭＧ森精機,プライム（内国株式）,機械,機械
6143,ソディック,プライム（内国株式）,機械,機械
6146,ディスコ,プライム（内国株式）,機械,機械
6151,日東工器,プライム（内国株式）,機械,機械
6167,冨士ダイス,プライム（内国株式）,機械,機械
6178,日本郵政,プライム（内国株式）,サービス業,情報通信・サービスその他
6183,ベルシステム２４ホールディングス,プライム（内国株式）,サービス業,情報通信・サービスその他
6184,鎌倉新書,プライム（内国株式）,サービス業,情報通信・サービスその他
6191,エアトリ,プライム（内国株式）,サービス業,情報通信・サービスその他
6194,アトラエ,プライム（内国株式）,サービス業,情報通信・サービスその他
6196,ストライクグループ,プライム（内国株式）,サービス業,情報通信・サービスその他
6200,インソース,プライム（内国株式）,サービス業,情報通信・サービスその他
6209,リケンＮＰＲ,プライム（内国株式）,機械,機械
6222,島精機製作所,プライム（内国株式）,機械,機械
6235,オプトラン,プライム（内国株式）,機械,機械
6237,イワキポンプ,プライム（内国株式）,機械,機械
6238,フリュー,プライム（内国株式）,機械,機械
6240,ヤマシンフィルタ,プライム（内国株式）,機械,機械
6247,日阪製作所,プライム（内国株式）,機械,機械
6250,やまびこ,プライム（内国株式）,機械,機械
6254,野村マイクロ・サイエンス,プライム（内国株式）,機械,機械
6258,平田機工,プライム（内国株式）,機械,機械
6264,マルマエ,プライム（内国株式）,機械,機械
6266,タツモ,プライム（内国株式）,機械,機械
6268,ナブテスコ,プライム（内国株式）,機械,機械
6269,三井海洋開発,プライム（内国株式）,機械,機械
6272,レオン自動機,プライム（内国株式）,機械,機械
6273,ＳＭＣ,プライム（内国株式）,機械,機械
6277,ホソカワミクロン,プライム（内国株式）,機械,機械
6278,ユニオンツール,プライム（内国株式）,機械,機械
6279,瑞光,プライム（内国株式）,機械,機械
6282,オイレス工業,プライム（内国株式）,機械,機械
6284,日精エー・エス・ビー機械,プライム（内国株式）,機械,機械
6287,サトー,プライム（内国株式）,機械,機械
6289,技研製作所,プライム（内国株式）,機械,機械
6294,オカダアイヨン,プライム（内国株式）,機械,機械
6298,ワイエイシイホールディングス,プライム（内国株式）,機械,機械
6301,小松製作所,プライム（内国株式）,機械,機械
6302,住友重機械工業,プライム（内国株式）,機械,機械
6305,日立建機,プライム（内国株式）,機械,機械
6306,日工,プライム（内国株式）,機械,機械
6309,巴工業,プライム（内国株式）,機械,機械
6310,井関農機,プライム（内国株式）,機械,機械
6315,ＴＯＷＡ,プライム（内国株式）,機械,機械
6323,ローツェ,プライム（内国株式）,機械,機械
6324,ハーモニック・ドライブ・システムズ,プライム（内国株式）,機械,機械
6326,クボタ,プライム（内国株式）,機械,機械
6328,荏原実業,プライム（内国株式）,機械,機械
6330,東洋エンジニアリング,プライム（内国株式）,建設業,建設・資材
6331,三菱化工機,プライム（内国株式）,機械,機械
6332,月島ホールディングス,プライム（内国株式）,機械,機械
6333,ＴＥＩＫＯＫＵ,プライム（内国株式）,機械,機械
6339,新東工業,プライム（内国株式）,機械,機械
6340,澁谷工業,プライム（内国株式）,機械,機械
6345,アイチ　コーポレーション,プライム（内国株式）,機械,機械
6349,小森コーポレーション,プライム（内国株式）,機械,機械
6351,鶴見製作所,プライム（内国株式）,機械,機械
6358,酒井重工業,プライム（内国株式）,機械,機械
6361,荏原製作所,プライム（内国株式）,機械,機械
6363,酉島製作所,プライム（内国株式）,機械,機械
6364,ＡＩＲＭＡＮ,プライム（内国株式）,機械,機械
6367,ダイキン工業,プライム（内国株式）,機械,機械
6368,オルガノ,プライム（内国株式）,機械,機械
6369,トーヨーカネツ,プライム（内国株式）,機械,機械
6370,栗田工業,プライム（内国株式）,機械,機械
6371,椿本チエイン,プライム（内国株式）,機械,機械
6376,日機装,プライム（内国株式）,精密機器,電機・精密
6379,レイズネクスト,プライム（内国株式）,建設業,建設・資材
6381,アネスト岩田,プライム（内国株式）,機械,機械
6383,ダイフク,プライム（内国株式）,機械,機械
6387,サムコ,プライム（内国株式）,機械,機械
6390,加藤製作所,プライム（内国株式）,機械,機械
6395,タダノ,プライム（内国株式）,機械,機械
6407,ＣＫＤ,プライム（内国株式）,機械,機械
6412,平和,プライム（内国株式）,機械,機械
6413,理想科学工業,プライム（内国株式）,機械,機械
6417,ＳＡＮＫＹＯ,プライム（内国株式）,機械,機械
6418,日本金銭機械,プライム（内国株式）,機械,機械
6419,マースグループホールディングス,プライム（内国株式）,機械,機械
6420,ガリレイホールディングス,プライム（内国株式）,機械,機械
6430,ダイコク電機,プライム（内国株式）,機械,機械
6432,竹内製作所,プライム（内国株式）,機械,機械
6436,アマノ,プライム（内国株式）,機械,機械
6440,ＪＵＫＩ,プライム（内国株式）,機械,機械
6445,ジャノメ,プライム（内国株式）,機械,機械
6448,ブラザー工業,プライム（内国株式）,電気機器,電機・精密
6454,マックス,プライム（内国株式）,機械,機械
6455,モリタホールディングス,プライム（内国株式）,輸送用機器,自動車・輸送機
6457,グローリー,プライム（内国株式）,機械,機械
6458,新晃工業,プライム（内国株式）,機械,機械
6459,だいわ,プライム（内国株式）,機械,機械
6460,セガサミーホールディングス,プライム（内国株式）,機械,機械
6463,ＴＰＲ,プライム（内国株式）,機械,機械
6464,ツバキ・ナカシマ,プライム（内国株式）,機械,機械
6465,ホシザキ,プライム（内国株式）,機械,機械
6471,日本精工,プライム（内国株式）,機械,機械
6472,ＮＴＮ,プライム（内国株式）,機械,機械
6473,ジェイテクト,プライム（内国株式）,機械,機械
6474,不二越,プライム（内国株式）,機械,機械
6479,ミネベアミツミ,プライム（内国株式）,電気機器,電機・精密
6480,日本トムソン,プライム（内国株式）,機械,機械
6481,ＴＨＫ,プライム（内国株式）,機械,機械
6486,イーグル工業,プライム（内国株式）,機械,機械
6490,ＰＩＬＬＡＲ,プライム（内国株式）,機械,機械
6498,キッツ,プライム（内国株式）,機械,機械
6501,日立製作所,プライム（内国株式）,電気機器,電機・精密
6503,三菱電機,プライム（内国株式）,電気機器,電機・精密
6504,富士電機,プライム（内国株式）,電気機器,電機・精密
6506,安川電機,プライム（内国株式）,電気機器,電機・精密
6507,シンフォニアテクノロジー,プライム（内国株式）,電気機器,電機・精密
6508,明電舎,プライム（内国株式）,電気機器,電機・精密
6516,山洋電気,プライム（内国株式）,電気機器,電機・精密
6517,デンヨー,プライム（内国株式）,電気機器,電機・精密
6523,ＰＨＣホールディングス,プライム（内国株式）,電気機器,電機・精密
6525,ＫＯＫＵＳＡＩ　ＥＬＥＣＴＲＩＣ,プライム（内国株式）,電気機器,電機・精密
6526,ソシオネクスト,プライム（内国株式）,電気機器,電機・精密
6532,ベイカレント,プライム（内国株式）,サービス業,情報通信・サービスその他
6533,Ｏｒｃｈｅｓｔｒａ　Ｈｏｌｄｉｎｇｓ,プライム（内国株式）,サービス業,情報通信・サービスその他
6535,アイモバイル,プライム（内国株式）,サービス業,情報通信・サービスその他
6539,ＭＳ－Ｊａｐａｎ,プライム（内国株式）,サービス業,情報通信・サービスその他
6544,ジャパンエレベーターサービスホールディングス,プライム（内国株式）,サービス業,情報通信・サービスその他
6560,エル・ティー・エス,プライム（内国株式）,サービス業,情報通信・サービスその他
6564,ミダックホールディングス,プライム（内国株式）,サービス業,情報通信・サービスその他
6571,キュービーネットホールディングス,プライム（内国株式）,サービス業,情報通信・サービスその他
6572,オープングループ,プライム（内国株式）,サービス業,情報通信・サービスその他
6584,三櫻工業,プライム（内国株式）,輸送用機器,自動車・輸送機
6586,マキタ,プライム（内国株式）,機械,機械
6588,東芝テック,プライム（内国株式）,電気機器,電機・精密
6590,芝浦メカトロニクス,プライム（内国株式）,電気機器,電機・精密
6592,マブチモーター,プライム（内国株式）,電気機器,電機・精密
6594,ニデック,プライム（内国株式）,電気機器,電機・精密
6615,ユー・エム・シー・エレクトロニクス,プライム（内国株式）,電気機器,電機・精密
6616,トレックス・セミコンダクター,プライム（内国株式）,電気機器,電機・精密
6617,東光高岳,プライム（内国株式）,電気機器,電機・精密
6619,ダブル・スコープ,プライム（内国株式）,電気機器,電機・精密
6620,宮越ホールディングス,プライム（内国株式）,不動産業,不動産
6622,ダイヘン,プライム（内国株式）,電気機器,電機・精密
6630,ヤーマン,プライム（内国株式）,電気機器,電機・精密
6632,ＪＶＣケンウッド,プライム（内国株式）,電気機器,電機・精密
6638,ミマキエンジニアリング,プライム（内国株式）,電気機器,電機・精密
6644,大崎電気工業,プライム（内国株式）,電気機器,電機・精密
6645,オムロン,プライム（内国株式）,電気機器,電機・精密
6651,日東工業,プライム（内国株式）,電気機器,電機・精密
6652,ＩＤＥＣ,プライム（内国株式）,電気機器,電機・精密
6653,正興電機製作所,プライム（内国株式）,電気機器,電機・精密
6674,ジーエス・ユアサ　コーポレーション,プライム（内国株式）,電気機器,電機・精密
6701,日本電気,プライム（内国株式）,電気機器,電機・精密
6702,富士通,プライム（内国株式）,電気機器,電機・精密
6703,沖電気工業,プライム（内国株式）,電気機器,電機・精密
6706,電気興業,プライム（内国株式）,電気機器,電機・精密
6707,サンケン電気,プライム（内国株式）,電気機器,電機・精密
6718,アイホン,プライム（内国株式）,電気機器,電機・精密
6723,ルネサスエレクトロニクス,プライム（内国株式）,電気機器,電機・精密
6724,セイコーエプソン,プライム（内国株式）,電気機器,電機・精密
6727,ワコム,プライム（内国株式）,電気機器,電機・精密
6728,アルバック,プライム（内国株式）,電気機器,電機・精密
6737,ＥＩＺＯ,プライム（内国株式）,電気機器,電機・精密
6740,ジャパンディスプレイ,プライム（内国株式）,電気機器,電機・精密
6741,日本信号,プライム（内国株式）,電気機器,電機・精密
6742,京三製作所,プライム（内国株式）,電気機器,電機・精密
6744,能美防災,プライム（内国株式）,電気機器,電機・精密
6745,ホーチキ,プライム（内国株式）,電気機器,電機・精密
6750,エレコム,プライム（内国株式）,電気機器,電機・精密
6752,パナソニック　ホールディングス,プライム（内国株式）,電気機器,電機・精密
6753,シャープ,プライム（内国株式）,電気機器,電機・精密
6754,アンリツ,プライム（内国株式）,電気機器,電機・精密
6758,ソニーグループ,プライム（内国株式）,電気機器,電機・精密
6762,ＴＤＫ,プライム（内国株式）,電気機器,電機・精密
6763,帝国通信工業,プライム（内国株式）,電気機器,電機・精密
6768,タムラ製作所,プライム（内国株式）,電気機器,電機・精密
6770,アルプスアルパイン,プライム（内国株式）,電気機器,電機・精密
6779,日本電波工業,プライム（内国株式）,電気機器,電機・精密
6785,鈴木,プライム（内国株式）,電気機器,電機・精密
6787,メイコー,プライム（内国株式）,電気機器,電機・精密
6788,日本トリム,プライム（内国株式）,電気機器,電機・精密
6794,フォスター電機,プライム（内国株式）,電気機器,電機・精密
6798,ＳＭＫ,プライム（内国株式）,電気機器,電機・精密
6800,ヨコオ,プライム（内国株式）,電気機器,電機・精密
6804,ホシデン,プライム（内国株式）,電気機器,電機・精密
6806,ヒロセ電機,プライム（内国株式）,電気機器,電機・精密
6807,日本航空電子工業,プライム（内国株式）,電気機器,電機・精密
6809,ＴＯＡ,プライム（内国株式）,電気機器,電機・精密
6810,マクセル,プライム（内国株式）,電気機器,電機・精密
6814,古野電気,プライム（内国株式）,電気機器,電機・精密
6817,スミダコーポレーション,プライム（内国株式）,電気機器,電機・精密
6820,アイコム,プライム（内国株式）,電気機器,電機・精密
6823,リオン,プライム（内国株式）,電気機器,電機・精密
6841,横河電機,プライム（内国株式）,電気機器,電機・精密
6844,新電元工業,プライム（内国株式）,電気機器,電機・精密
6845,アズビル,プライム（内国株式）,電気機器,電機・精密
6849,日本光電工業,プライム（内国株式）,電気機器,電機・精密
6850,チノー,プライム（内国株式）,電気機器,電機・精密
6856,堀場製作所,プライム（内国株式）,電気機器,電機・精密
6857,アドバンテスト,プライム（内国株式）,電気機器,電機・精密
6859,エスペック,プライム（内国株式）,電気機器,電機・精密
6861,キーエンス,プライム（内国株式）,電気機器,電機・精密
6866,日置電機,プライム（内国株式）,電気機器,電機・精密
6869,シスメックス,プライム（内国株式）,電気機器,電機・精密
6871,日本マイクロニクス,プライム（内国株式）,電気機器,電機・精密
6875,メガチップス,プライム（内国株式）,電気機器,電機・精密
6902,デンソー,プライム（内国株式）,輸送用機器,自動車・輸送機
6905,コーセル,プライム（内国株式）,電気機器,電機・精密
6908,イリソ電子工業,プライム（内国株式）,電気機器,電機・精密
6914,オプテックスグループ,プライム（内国株式）,電気機器,電機・精密
6920,レーザーテック,プライム（内国株式）,電気機器,電機・精密
6923,スタンレー電気,プライム（内国株式）,電気機器,電機・精密
6925,ウシオ電機,プライム（内国株式）,電気機器,電機・精密
6929,日本セラミック,プライム（内国株式）,電気機器,電機・精密
6941,山一電機,プライム（内国株式）,電気機器,電機・精密
6947,図研,プライム（内国株式）,電気機器,電機・精密
6951,日本電子,プライム（内国株式）,電気機器,電機・精密
6952,カシオ計算機,プライム（内国株式）,電気機器,電機・精密
6954,ファナック,プライム（内国株式）,電気機器,電機・精密
6958,日本シイエムケイ,プライム（内国株式）,電気機器,電機・精密
6961,エンプラス,プライム（内国株式）,電気機器,電機・精密
6962,大真空,プライム（内国株式）,電気機器,電機・精密
6963,ローム,プライム（内国株式）,電気機器,電機・精密
6965,浜松ホトニクス,プライム（内国株式）,電気機器,電機・精密
6966,三井ハイテック,プライム（内国株式）,電気機器,電機・精密
6971,京セラ,プライム（内国株式）,電気機器,電機・精密
6976,太陽誘電,プライム（内国株式）,電気機器,電機・精密
6981,村田製作所,プライム（内国株式）,電気機器,電機・精密
6986,双葉電子工業,プライム（内国株式）,電気機器,電機・精密
6988,日東電工,プライム（内国株式）,化学,素材・化学
6995,東海理化電機製作所,プライム（内国株式）,輸送用機器,自動車・輸送機
6996,ニチコン,プライム（内国株式）,電気機器,電機・精密
6997,日本ケミコン,プライム（内国株式）,電気機器,電機・精密
6999,ＫＯＡ,プライム（内国株式）,電気機器,電機・精密
7003,三井Ｅ＆Ｓ,プライム（内国株式）,機械,機械
7004,カナデビア,プライム（内国株式）,機械,機械
7011,三菱重工業,プライム（内国株式）,機械,機械
7012,川崎重工業,プライム（内国株式）,輸送用機器,自動車・輸送機
7013,ＩＨＩ,プライム（内国株式）,機械,機械
7033,マネジメントソリューションズ,プライム（内国株式）,サービス業,情報通信・サービスその他
7034,プロレド・パートナーズ,プライム（内国株式）,サービス業,情報通信・サービスその他
7038,フロンティア・マネジメント,プライム（内国株式）,サービス業,情報通信・サービスその他
7059,コプロ・ホールディングス,プライム（内国株式）,サービス業,情報通信・サービスその他
7071,アンビスホールディングス,プライム（内国株式）,サービス業,情報通信・サービスその他
7085,カーブスホールディングス,プライム（内国株式）,サービス業,情報通信・サービスその他
7095,Ｍａｃｂｅｅ　Ｐｌａｎｅｔ,プライム（内国株式）,サービス業,情報通信・サービスその他
7102,日本車輌製造,プライム（内国株式）,輸送用機器,自動車・輸送機
7128,ユニソルホールディングス,プライム（内国株式）,卸売業,商社・卸売
7130,ヤマエグループホールディングス,プライム（内国株式）,卸売業,商社・卸売
7148,ＦＰＧ,プライム（内国株式）,証券、商品先物取引業,金融（除く銀行）
7157,ライフネット生命保険,プライム（内国株式）,保険業,金融（除く銀行）
7164,全国保証,プライム（内国株式）,その他金融業,金融（除く銀行）
7167,めぶきフィナンシャルグループ,プライム（内国株式）,銀行業,銀行
7172,ジャパンインベストメントアドバイザー,プライム（内国株式）,証券、商品先物取引業,金融（除く銀行）
7173,東京きらぼしフィナンシャルグループ,プライム（内国株式）,銀行業,銀行
7180,九州フィナンシャルグループ,プライム（内国株式）,銀行業,銀行
7181,かんぽ生命保険,プライム（内国株式）,保険業,金融（除く銀行）
7182,ゆうちょ銀行,プライム（内国株式）,銀行業,銀行
7184,富山第一銀行,プライム（内国株式）,銀行業,銀行
7186,横浜フィナンシャルグループ,プライム（内国株式）,銀行業,銀行
7187,ジェイリース,プライム（内国株式）,その他金融業,金融（除く銀行）
7189,西日本フィナンシャルホールディングス,プライム（内国株式）,銀行業,銀行
7198,ＳＢＩアルヒ,プライム（内国株式）,その他金融業,金融（除く銀行）
7199,プレミアグループ,プライム（内国株式）,その他金融業,金融（除く銀行）
7201,日産自動車,プライム（内国株式）,輸送用機器,自動車・輸送機
7202,いすゞ自動車,プライム（内国株式）,輸送用機器,自動車・輸送機
7203,トヨタ自動車,プライム（内国株式）,輸送用機器,自動車・輸送機
7211,三菱自動車工業,プライム（内国株式）,輸送用機器,自動車・輸送機
7220,武蔵精密工業,プライム（内国株式）,輸送用機器,自動車・輸送機
7224,新明和工業,プライム（内国株式）,輸送用機器,自動車・輸送機
7226,極東開発工業,プライム（内国株式）,輸送用機器,自動車・輸送機
7231,トピー工業,プライム（内国株式）,輸送用機器,自動車・輸送機
7236,ティラド,プライム（内国株式）,輸送用機器,自動車・輸送機
7238,曙ブレーキ工業,プライム（内国株式）,輸送用機器,自動車・輸送機
7239,タチエス,プライム（内国株式）,輸送用機器,自動車・輸送機
7240,ＮＯＫ,プライム（内国株式）,輸送用機器,自動車・輸送機
7241,フタバ産業,プライム（内国株式）,輸送用機器,自動車・輸送機
7242,カヤバ,プライム（内国株式）,輸送用機器,自動車・輸送機
7244,市光工業,プライム（内国株式）,電気機器,電機・精密
7245,大同メタル工業,プライム（内国株式）,輸送用機器,自動車・輸送機
7246,プレス工業,プライム（内国株式）,輸送用機器,自動車・輸送機
7259,アイシン,プライム（内国株式）,輸送用機器,自動車・輸送機
7261,マツダ,プライム（内国株式）,輸送用機器,自動車・輸送機
7267,本田技研工業,プライム（内国株式）,輸送用機器,自動車・輸送機
7269,スズキ,プライム（内国株式）,輸送用機器,自動車・輸送機
7270,ＳＵＢＡＲＵ,プライム（内国株式）,輸送用機器,自動車・輸送機
7272,ヤマハ発動機,プライム（内国株式）,輸送用機器,自動車・輸送機
7276,小糸製作所,プライム（内国株式）,電気機器,電機・精密
7278,エクセディ,プライム（内国株式）,輸送用機器,自動車・輸送機
7280,ミツバ,プライム（内国株式）,電気機器,電機・精密
7282,豊田合成,プライム（内国株式）,輸送用機器,自動車・輸送機
7283,愛三工業,プライム（内国株式）,輸送用機器,自動車・輸送機
7294,ヨロズ,プライム（内国株式）,輸送用機器,自動車・輸送機
7296,エフ・シー・シー,プライム（内国株式）,輸送用機器,自動車・輸送機
7309,シマノ,プライム（内国株式）,輸送用機器,自動車・輸送機
7313,テイ・エス　テック,プライム（内国株式）,輸送用機器,自動車・輸送機
7322,三十三フィナンシャルグループ,プライム（内国株式）,銀行業,銀行
7327,第四北越フィナンシャルグループ,プライム（内国株式）,銀行業,銀行
7337,ひろぎんホールディングス,プライム（内国株式）,銀行業,銀行
7347,マーキュリアホールディングス,プライム（内国株式）,証券、商品先物取引業,金融（除く銀行）
7350,おきなわフィナンシャルグループ,プライム（内国株式）,銀行業,銀行
7366,ＬＩＴＡＬＩＣＯ,プライム（内国株式）,サービス業,情報通信・サービスその他
7380,十六フィナンシャルグループ,プライム（内国株式）,銀行業,銀行
7381,ＣＣＩグループ,プライム（内国株式）,銀行業,銀行
7383,ネットプロテクションズホールディングス,プライム（内国株式）,その他金融業,金融（除く銀行）
7384,プロクレアホールディングス,プライム（内国株式）,銀行業,銀行
7388,ＦＰパートナー,プライム（内国株式）,保険業,金融（除く銀行）
7389,あいちフィナンシャルグループ,プライム（内国株式）,銀行業,銀行
7414,小野建,プライム（内国株式）,卸売業,商社・卸売
7419,ノジマ,プライム（内国株式）,小売業,小売
7421,カッパ・クリエイト,プライム（内国株式）,小売業,小売
7433,伯東,プライム（内国株式）,卸売業,商社・卸売
7438,コンドーテック,プライム（内国株式）,卸売業,商社・卸売
7447,ナガイレーベン,プライム（内国株式）,卸売業,商社・卸売
7453,良品計画,プライム（内国株式）,小売業,小売
7456,松田産業,プライム（内国株式）,卸売業,商社・卸売
7458,第一興商,プライム（内国株式）,卸売業,商社・卸売
7459,メディパルホールディングス,プライム（内国株式）,卸売業,商社・卸売
7466,ＳＰＫ,プライム（内国株式）,卸売業,商社・卸売
7475,アルビス,プライム（内国株式）,小売業,小売
7476,アズワン,プライム（内国株式）,卸売業,商社・卸売
7482,シモジマ,プライム（内国株式）,卸売業,商社・卸売
7483,ドウシシャ,プライム（内国株式）,卸売業,商社・卸売
7504,高速,プライム（内国株式）,卸売業,商社・卸売
7508,Ｇ‐７ホールディングス,プライム（内国株式）,小売業,小売
7510,たけびし,プライム（内国株式）,卸売業,商社・卸売
7513,コジマ,プライム（内国株式）,小売業,小売
7516,コーナン商事,プライム（内国株式）,小売業,小売
7520,エコス,プライム（内国株式）,小売業,小売
7522,ワタミ,プライム（内国株式）,小売業,小売
7525,リックス,プライム（内国株式）,卸売業,商社・卸売
7532,パン・パシフィック・インターナショナルホールディングス,プライム（内国株式）,小売業,小売
7537,丸文,プライム（内国株式）,卸売業,商社・卸売
7545,西松屋チェーン,プライム（内国株式）,小売業,小売
7550,ゼンショーホールディングス,プライム（内国株式）,小売業,小売
7552,ハピネット,プライム（内国株式）,卸売業,商社・卸売
7554,幸楽苑,プライム（内国株式）,小売業,小売
7575,日本ライフライン,プライム（内国株式）,卸売業,商社・卸売
7581,サイゼリヤ,プライム（内国株式）,小売業,小売
7593,ＶＴホールディングス,プライム（内国株式）,小売業,小売
7595,アルゴグラフィックス,プライム（内国株式）,情報・通信業,情報通信・サービスその他
7596,魚力,プライム（内国株式）,小売業,小売
7599,ＩＤＯＭ,プライム（内国株式）,卸売業,商社・卸売
7600,日本エム・ディ・エム,プライム（内国株式）,精密機器,電機・精密
7606,ユナイテッドアローズ,プライム（内国株式）,小売業,小売
7607,進和,プライム（内国株式）,卸売業,商社・卸売
7609,ダイトロン,プライム（内国株式）,卸売業,商社・卸売
7611,ハイデイ日高,プライム（内国株式）,小売業,小売
7613,シークス,プライム（内国株式）,卸売業,商社・卸売
7616,コロワイド,プライム（内国株式）,小売業,小売
7628,オーハシテクニカ,プライム（内国株式）,卸売業,商社・卸売
7630,壱番屋,プライム（内国株式）,小売業,小売
7637,白銅,プライム（内国株式）,卸売業,商社・卸売
7649,スギホールディングス,プライム（内国株式）,小売業,小売
7679,薬王堂ホールディングス,プライム（内国株式）,小売業,小売
7683,ダブルエー,プライム（内国株式）,小売業,小売
7701,島津製作所,プライム（内国株式）,精密機器,電機・精密
7715,長野計器,プライム（内国株式）,精密機器,電機・精密
7717,ブイ・テクノロジー,プライム（内国株式）,精密機器,電機・精密
7721,東京計器,プライム（内国株式）,精密機器,電機・精密
7723,愛知時計電機,プライム（内国株式）,精密機器,電機・精密
7725,インターアクション,プライム（内国株式）,精密機器,電機・精密
7729,東京精密,プライム（内国株式）,精密機器,電機・精密
7730,マニー,プライム（内国株式）,精密機器,電機・精密
7731,ニコン,プライム（内国株式）,精密機器,電機・精密
7733,オリンパス,プライム（内国株式）,精密機器,電機・精密
7734,理研計器,プライム（内国株式）,精密機器,電機・精密
7735,ＳＣＲＥＥＮホールディングス,プライム（内国株式）,電気機器,電機・精密
7740,タムロン,プライム（内国株式）,精密機器,電機・精密
7741,ＨＯＹＡ,プライム（内国株式）,精密機器,電機・精密
7744,ノーリツ鋼機,プライム（内国株式）,精密機器,電機・精密
7745,Ａ＆Ｄホロンホールディングス,プライム（内国株式）,精密機器,電機・精密
7747,朝日インテック,プライム（内国株式）,精密機器,電機・精密
7751,キヤノン,プライム（内国株式）,電気機器,電機・精密
7752,リコー,プライム（内国株式）,電気機器,電機・精密
7762,シチズン時計,プライム（内国株式）,精密機器,電機・精密
7769,リズム,プライム（内国株式）,精密機器,電機・精密
7780,メニコン,プライム（内国株式）,精密機器,電機・精密
7818,トランザクション,プライム（内国株式）,その他製品,情報通信・サービスその他
7820,ニホンフラッシュ,プライム（内国株式）,その他製品,情報通信・サービスその他
7821,前田工繊,プライム（内国株式）,その他製品,情報通信・サービスその他
7826,フルヤ金属,プライム（内国株式）,その他製品,情報通信・サービスその他
7832,バンダイナムコホールディングス,プライム（内国株式）,その他製品,情報通信・サービスその他
7839,ＳＨＯＥＩ,プライム（内国株式）,その他製品,情報通信・サービスその他
7840,フランスベッドホールディングス,プライム（内国株式）,その他製品,情報通信・サービスその他
7844,マーベラス,プライム（内国株式）,情報・通信業,情報通信・サービスその他
7846,パイロットコーポレーション,プライム（内国株式）,その他製品,情報通信・サービスその他
7856,萩原工業,プライム（内国株式）,その他製品,情報通信・サービスその他
7860,エイベックス,プライム（内国株式）,情報・通信業,情報通信・サービスその他
7864,フジシールインターナショナル,プライム（内国株式）,その他製品,情報通信・サービスその他
7867,タカラトミー,プライム（内国株式）,その他製品,情報通信・サービスその他
7868,広済堂ホールディングス,プライム（内国株式）,その他製品,情報通信・サービスその他
7874,レック,プライム（内国株式）,化学,素材・化学
7888,三光合成,プライム（内国株式）,化学,素材・化学
7893,プロネクサス,プライム（内国株式）,その他製品,情報通信・サービスその他
7911,ＴＯＰＰＡＮホールディングス,プライム（内国株式）,その他製品,情報通信・サービスその他
7912,大日本印刷,プライム（内国株式）,その他製品,情報通信・サービスその他
7914,共同印刷,プライム（内国株式）,その他製品,情報通信・サービスその他
7915,ＮＩＳＳＨＡ,プライム（内国株式）,その他製品,情報通信・サービスその他
7917,ＺＡＣＲＯＳ,プライム（内国株式）,化学,素材・化学
7921,ＴＡＫＡＲＡ　＆　ＣＯＭＰＡＮＹ,プライム（内国株式）,その他製品,情報通信・サービスその他
7931,未来工業,プライム（内国株式）,化学,素材・化学
7936,アシックス,プライム（内国株式）,その他製品,情報通信・サービスその他
7942,ＪＳＰ,プライム（内国株式）,化学,素材・化学
7943,ニチハ,プライム（内国株式）,ガラス・土石製品,建設・資材
7944,ローランド,プライム（内国株式）,その他製品,情報通信・サービスその他
7947,エフピコ,プライム（内国株式）,化学,素材・化学
7949,小松ウオール工業,プライム（内国株式）,その他製品,情報通信・サービスその他
7951,ヤマハ,プライム（内国株式）,その他製品,情報通信・サービスその他
7952,河合楽器製作所,プライム（内国株式）,その他製品,情報通信・サービスその他
7955,クリナップ,プライム（内国株式）,その他製品,情報通信・サービスその他
7956,ピジョン,プライム（内国株式）,その他製品,情報通信・サービスその他
7962,キングジム,プライム（内国株式）,その他製品,情報通信・サービスその他
7965,象印マホービン,プライム（内国株式）,電気機器,電機・精密
7966,リンテック,プライム（内国株式）,その他製品,情報通信・サービスその他
7970,信越ポリマー,プライム（内国株式）,化学,素材・化学
7972,イトーキ,プライム（内国株式）,その他製品,情報通信・サービスその他
7974,任天堂,プライム（内国株式）,その他製品,情報通信・サービスその他
7976,三菱鉛筆,プライム（内国株式）,その他製品,情報通信・サービスその他
7979,松風,プライム（内国株式）,精密機器,電機・精密
7981,タカラスタンダード,プライム（内国株式）,その他製品,情報通信・サービスその他
7984,コクヨ,プライム（内国株式）,その他製品,情報通信・サービスその他
7988,ニフコ,プライム（内国株式）,化学,素材・化学
7989,立川ブラインド工業,プライム（内国株式）,金属製品,建設・資材
7990,グローブライド,プライム（内国株式）,その他製品,情報通信・サービスその他
7994,オカムラ,プライム（内国株式）,その他製品,情報通信・サービスその他
7995,バルカー,プライム（内国株式）,化学,素材・化学
8001,伊藤忠商事,プライム（内国株式）,卸売業,商社・卸売
8002,丸紅,プライム（内国株式）,卸売業,商社・卸売
8005,スクロール,プライム（内国株式）,小売業,小売
8007,高島,プライム（内国株式）,卸売業,商社・卸売
8008,ヨンドシーホールディングス,プライム（内国株式）,小売業,小売
8011,三陽商会,プライム（内国株式）,繊維製品,素材・化学
8012,長瀬産業,プライム（内国株式）,卸売業,商社・卸売
8014,蝶理,プライム（内国株式）,卸売業,商社・卸売
8015,豊田通商,プライム（内国株式）,卸売業,商社・卸売
8016,オンワードホールディングス,プライム（内国株式）,繊維製品,素材・化学
8020,兼松,プライム（内国株式）,卸売業,商社・卸売
8022,美津濃,プライム（内国株式）,その他製品,情報通信・サービスその他
8031,三井物産,プライム（内国株式）,卸売業,商社・卸売
8032,日本紙パルプ商事,プライム（内国株式）,卸売業,商社・卸売
8035,東京エレクトロン,プライム（内国株式）,電気機器,電機・精密
8037,カメイ,プライム（内国株式）,卸売業,商社・卸売
8043,スターゼン,プライム（内国株式）,卸売業,商社・卸売
8050,セイコーグループ,プライム（内国株式）,精密機器,電機・精密
8051,山善,プライム（内国株式）,卸売業,商社・卸売
8052,椿本興業,プライム（内国株式）,卸売業,商社・卸売
8053,住友商事,プライム（内国株式）,卸売業,商社・卸売
8056,ＢＩＰＲＯＧＹ,プライム（内国株式）,情報・通信業,情報通信・サービスその他
8057,内田洋行,プライム（内国株式）,卸売業,商社・卸売
8058,三菱商事,プライム（内国株式）,卸売業,商社・卸売
8059,第一実業,プライム（内国株式）,卸売業,商社・卸売
8060,キヤノンマーケティングジャパン,プライム（内国株式）,卸売業,商社・卸売
8061,西華産業,プライム（内国株式）,卸売業,商社・卸売
8065,佐藤商事,プライム（内国株式）,卸売業,商社・卸売
8070,東京産業,プライム（内国株式）,卸売業,商社・卸売
8074,ＹＵＡＳＡ,プライム（内国株式）,卸売業,商社・卸売
8075,神鋼商事,プライム（内国株式）,卸売業,商社・卸売
8078,阪和興業,プライム（内国株式）,卸売業,商社・卸売
8079,正栄食品工業,プライム（内国株式）,卸売業,商社・卸売
8081,カナデン,プライム（内国株式）,卸売業,商社・卸売
8084,ＲＹＯＤＥＮ,プライム（内国株式）,卸売業,商社・卸売
8086,ニプロ,プライム（内国株式）,精密機器,電機・精密
8088,岩谷産業,プライム（内国株式）,卸売業,商社・卸売
8091,ニチモウ,プライム（内国株式）,卸売業,商社・卸売
8093,極東貿易,プライム（内国株式）,卸売業,商社・卸売
8095,アステナホールディングス,プライム（内国株式）,卸売業,商社・卸売
8097,三愛オブリ,プライム（内国株式）,卸売業,商社・卸売
8098,稲畑産業,プライム（内国株式）,卸売業,商社・卸売
8101,ＧＳＩクレオス,プライム（内国株式）,卸売業,商社・卸売
8103,明和産業,プライム（内国株式）,卸売業,商社・卸売
8111,ゴールドウイン,プライム（内国株式）,繊維製品,素材・化学
8113,ユニ・チャーム,プライム（内国株式）,化学,素材・化学
8125,ワキタ,プライム（内国株式）,卸売業,商社・卸売
8129,東邦ホールディングス,プライム（内国株式）,卸売業,商社・卸売
8130,サンゲツ,プライム（内国株式）,卸売業,商社・卸売
8132,シナネンホールディングス,プライム（内国株式）,卸売業,商社・卸売
8133,伊藤忠エネクス,プライム（内国株式）,卸売業,商社・卸売
8136,サンリオ,プライム（内国株式）,卸売業,商社・卸売
8137,サンワテクノス,プライム（内国株式）,卸売業,商社・卸売
8141,新光商事,プライム（内国株式）,卸売業,商社・卸売
8142,トーホー,プライム（内国株式）,卸売業,商社・卸売
8150,三信電気,プライム（内国株式）,卸売業,商社・卸売
8151,東陽テクニカ,プライム（内国株式）,卸売業,商社・卸売
8153,モスフードサービス,プライム（内国株式）,卸売業,商社・卸売
8154,加賀電子,プライム（内国株式）,卸売業,商社・卸売
8157,都築電気,プライム（内国株式）,情報・通信業,情報通信・サービスその他
8158,ソーダニッカ,プライム（内国株式）,卸売業,商社・卸売
8159,立花エレテック,プライム（内国株式）,卸売業,商社・卸売
8160,木曽路,プライム（内国株式）,小売業,小売
8163,ＳＲＳホールディングス,プライム（内国株式）,小売業,小売
8167,リテールパートナーズ,プライム（内国株式）,小売業,小売
8173,Ｊｏｓｈｉｎ,プライム（内国株式）,小売業,小売
8174,日本瓦斯,プライム（内国株式）,小売業,小売
8179,ロイヤルホールディングス,プライム（内国株式）,小売業,小売
8185,チヨダ,プライム（内国株式）,小売業,小売
8194,ライフコーポレーション,プライム（内国株式）,小売業,小売
8200,リンガーハット,プライム（内国株式）,小売業,小売
8203,ＭｒＭａｘＨＤ,プライム（内国株式）,小売業,小売
8214,ＡＯＫＩホールディングス,プライム（内国株式）,小売業,小売
8217,オークワ,プライム（内国株式）,小売業,小売
8218,コメリ,プライム（内国株式）,小売業,小売
8219,青山商事,プライム（内国株式）,小売業,小売
8227,しまむら,プライム（内国株式）,小売業,小売
8233,高島屋,プライム（内国株式）,小売業,小売
8237,松屋,プライム（内国株式）,小売業,小売
8242,エイチ・ツー・オー　リテイリング,プライム（内国株式）,小売業,小売
8252,丸井グループ,プライム（内国株式）,小売業,小売
8253,クレディセゾン,プライム（内国株式）,その他金融業,金融（除く銀行）
8255,アクシアル　リテイリング,プライム（内国株式）,小売業,小売
8267,イオン,プライム（内国株式）,小売業,小売
8273,イズミ,プライム（内国株式）,小売業,小売
8276,平和堂,プライム（内国株式）,小売業,小売
8278,フジ,プライム（内国株式）,小売業,小売
8281,ゼビオホールディングス,プライム（内国株式）,小売業,小売
8282,ケーズホールディングス,プライム（内国株式）,小売業,小売
8303,ＳＢＩ新生銀行,プライム（内国株式）,銀行業,銀行
8304,あおぞら銀行,プライム（内国株式）,銀行業,銀行
8306,三菱ＵＦＪフィナンシャル・グループ,プライム（内国株式）,銀行業,銀行
8308,りそなホールディングス,プライム（内国株式）,銀行業,銀行
8309,三井住友トラストグループ,プライム（内国株式）,銀行業,銀行
8316,三井住友フィナンシャルグループ,プライム（内国株式）,銀行業,銀行
8331,千葉銀行,プライム（内国株式）,銀行業,銀行
8334,群馬銀行,プライム（内国株式）,銀行業,銀行
8336,武蔵野銀行,プライム（内国株式）,銀行業,銀行
8337,千葉興業銀行,プライム（内国株式）,銀行業,銀行
8338,筑波銀行,プライム（内国株式）,銀行業,銀行
8341,七十七銀行,プライム（内国株式）,銀行業,銀行
8343,秋田銀行,プライム（内国株式）,銀行業,銀行
8344,山形銀行,プライム（内国株式）,銀行業,銀行
8345,岩手銀行,プライム（内国株式）,銀行業,銀行
8346,東邦銀行,プライム（内国株式）,銀行業,銀行
8354,ふくおかフィナンシャルグループ,プライム（内国株式）,銀行業,銀行
8358,スルガ銀行,プライム（内国株式）,銀行業,銀行
8359,八十二長野銀行,プライム（内国株式）,銀行業,銀行
8360,山梨中央銀行,プライム（内国株式）,銀行業,銀行
8361,大垣共立銀行,プライム（内国株式）,銀行業,銀行
8362,福井銀行,プライム（内国株式）,銀行業,銀行
8364,清水銀行,プライム（内国株式）,銀行業,銀行
8366,滋賀銀行,プライム（内国株式）,銀行業,銀行
8367,南都銀行,プライム（内国株式）,銀行業,銀行
8368,百五銀行,プライム（内国株式）,銀行業,銀行
8370,紀陽銀行,プライム（内国株式）,銀行業,銀行
8377,ほくほくフィナンシャルグループ,プライム（内国株式）,銀行業,銀行
8381,山陰合同銀行,プライム（内国株式）,銀行業,銀行
8386,百十四銀行,プライム（内国株式）,銀行業,銀行
8387,四国銀行,プライム（内国株式）,銀行業,銀行
8388,阿波銀行,プライム（内国株式）,銀行業,銀行
8392,大分銀行,プライム（内国株式）,銀行業,銀行
8393,宮崎銀行,プライム（内国株式）,銀行業,銀行
8395,佐賀銀行,プライム（内国株式）,銀行業,銀行
8399,琉球銀行,プライム（内国株式）,銀行業,銀行
8410,セブン銀行,プライム（内国株式）,銀行業,銀行
8411,みずほフィナンシャルグループ,プライム（内国株式）,銀行業,銀行
8418,山口フィナンシャルグループ,プライム（内国株式）,銀行業,銀行
8424,芙蓉総合リース,プライム（内国株式）,その他金融業,金融（除く銀行）
8425,みずほリース,プライム（内国株式）,その他金融業,金融（除く銀行）
8439,東京センチュリー,プライム（内国株式）,その他金融業,金融（除く銀行）
8473,ＳＢＩホールディングス,プライム（内国株式）,証券、商品先物取引業,金融（除く銀行）
8511,日本証券金融,プライム（内国株式）,その他金融業,金融（除く銀行）
8522,名古屋銀行,プライム（内国株式）,銀行業,銀行
8524,北洋銀行,プライム（内国株式）,銀行業,銀行
8541,愛媛銀行,プライム（内国株式）,銀行業,銀行
8544,京葉銀行,プライム（内国株式）,銀行業,銀行
8550,栃木銀行,プライム（内国株式）,銀行業,銀行
8551,北日本銀行,プライム（内国株式）,銀行業,銀行
8558,東和銀行,プライム（内国株式）,銀行業,銀行
8566,リコーリース,プライム（内国株式）,その他金融業,金融（除く銀行）
8570,イオンフィナンシャルサービス,プライム（内国株式）,その他金融業,金融（除く銀行）
8584,ジャックス,プライム（内国株式）,その他金融業,金融（除く銀行）
8585,オリエントコーポレーション,プライム（内国株式）,その他金融業,金融（除く銀行）
8591,オリックス,プライム（内国株式）,その他金融業,金融（除く銀行）
8593,三菱ＨＣキャピタル,プライム（内国株式）,その他金融業,金融（除く銀行）
8595,ジャフコ　グループ,プライム（内国株式）,証券、商品先物取引業,金融（除く銀行）
8600,トモニホールディングス,プライム（内国株式）,銀行業,銀行
8601,大和証券グループ本社,プライム（内国株式）,証券、商品先物取引業,金融（除く銀行）
8604,野村ホールディングス,プライム（内国株式）,証券、商品先物取引業,金融（除く銀行）
8609,岡三証券グループ,プライム（内国株式）,証券、商品先物取引業,金融（除く銀行）
8613,丸三証券,プライム（内国株式）,証券、商品先物取引業,金融（除く銀行）
8614,東洋証券,プライム（内国株式）,証券、商品先物取引業,金融（除く銀行）
8616,東海東京フィナンシャル・ホールディングス,プライム（内国株式）,証券、商品先物取引業,金融（除く銀行）
8622,水戸証券,プライム（内国株式）,証券、商品先物取引業,金融（除く銀行）
8624,いちよし証券,プライム（内国株式）,証券、商品先物取引業,金融（除く銀行）
8628,松井証券,プライム（内国株式）,証券、商品先物取引業,金融（除く銀行）
8630,ＳＯＭＰＯホールディングス,プライム（内国株式）,保険業,金融（除く銀行）
8697,日本取引所グループ,プライム（内国株式）,その他金融業,金融（除く銀行）
8698,マネックスグループ,プライム（内国株式）,証券、商品先物取引業,金融（除く銀行）
8706,極東証券,プライム（内国株式）,証券、商品先物取引業,金融（除く銀行）
8707,岩井コスモホールディングス,プライム（内国株式）,証券、商品先物取引業,金融（除く銀行）
8708,アイザワ証券グループ,プライム（内国株式）,証券、商品先物取引業,金融（除く銀行）
8713,フィデアホールディングス,プライム（内国株式）,銀行業,銀行
8714,池田泉州ホールディングス,プライム（内国株式）,銀行業,銀行
8715,アニコム　ホールディングス,プライム（内国株式）,保険業,金融（除く銀行）
8725,ＭＳ＆ＡＤインシュアランスグループホールディングス,プライム（内国株式）,保険業,金融（除く銀行）
8729,ソニーフィナンシャルグループ,プライム（内国株式）,保険業,金融（除く銀行）
8739,スパークス・グループ,プライム（内国株式）,証券、商品先物取引業,金融（除く銀行）
8750,第一ライフグループ,プライム（内国株式）,保険業,金融（除く銀行）
8766,東京海上ホールディングス,プライム（内国株式）,保険業,金融（除く銀行）
8771,イー・ギャランティ,プライム（内国株式）,その他金融業,金融（除く銀行）
8793,ＮＥＣキャピタルソリューション,プライム（内国株式）,その他金融業,金融（除く銀行）
8795,Ｔ＆Ｄホールディングス,プライム（内国株式）,保険業,金融（除く銀行）
8798,アドバンスクリエイト,プライム（内国株式）,保険業,金融（除く銀行）
8801,三井不動産,プライム（内国株式）,不動産業,不動産
8802,三菱地所,プライム（内国株式）,不動産業,不動産
8803,平和不動産,プライム（内国株式）,不動産業,不動産
8804,東京建物,プライム（内国株式）,不動産業,不動産
8818,京阪神ビルディング,プライム（内国株式）,不動産業,不動産
8830,住友不動産,プライム（内国株式）,不動産業,不動産
8848,レオパレス２１,プライム（内国株式）,不動産業,不動産
8850,スターツコーポレーション,プライム（内国株式）,不動産業,不動産
8860,フジ住宅,プライム（内国株式）,不動産業,不動産
8876,リログループ,プライム（内国株式）,サービス業,情報通信・サービスその他
8877,エスリード,プライム（内国株式）,不動産業,不動産
8881,日神グループホールディングス,プライム（内国株式）,不動産業,不動産
8892,エスコン,プライム（内国株式）,不動産業,不動産
8897,ＭＩＲＡＲＴＨホールディングス,プライム（内国株式）,不動産業,不動産
8919,カチタス,プライム（内国株式）,不動産業,不動産
8923,トーセイ,プライム（内国株式）,不動産業,不動産
8934,サンフロンティア不動産,プライム（内国株式）,不動産業,不動産
8935,ＦＪネクストホールディングス,プライム（内国株式）,不動産業,不動産
8999,グランディハウス,プライム（内国株式）,不動産業,不動産
9001,東武鉄道,プライム（内国株式）,陸運業,運輸・物流
9003,相鉄ホールディングス,プライム（内国株式）,陸運業,運輸・物流
9005,東急,プライム（内国株式）,陸運業,運輸・物流
9006,京浜急行電鉄,プライム（内国株式）,陸運業,運輸・物流
9007,小田急電鉄,プライム（内国株式）,陸運業,運輸・物流
9008,京王電鉄,プライム（内国株式）,陸運業,運輸・物流
9009,京成電鉄,プライム（内国株式）,陸運業,運輸・物流
9010,富士急行,プライム（内国株式）,陸運業,運輸・物流
9020,東日本旅客鉄道,プライム（内国株式）,陸運業,運輸・物流
9021,西日本旅客鉄道,プライム（内国株式）,陸運業,運輸・物流
9022,東海旅客鉄道,プライム（内国株式）,陸運業,運輸・物流
9023,東京地下鉄,プライム（内国株式）,陸運業,運輸・物流
9024,西武ホールディングス,プライム（内国株式）,陸運業,運輸・物流
9025,鴻池運輸,プライム（内国株式）,陸運業,運輸・物流
9031,西日本鉄道,プライム（内国株式）,陸運業,運輸・物流
9037,ハマキョウレックス,プライム（内国株式）,陸運業,運輸・物流
9039,サカイ引越センター,プライム（内国株式）,陸運業,運輸・物流
9041,近鉄グループホールディングス,プライム（内国株式）,陸運業,運輸・物流
9042,阪急阪神ホールディングス,プライム（内国株式）,陸運業,運輸・物流
9044,ＮＡＮＫＡＩ,プライム（内国株式）,陸運業,運輸・物流
9045,京阪ホールディングス,プライム（内国株式）,陸運業,運輸・物流
9048,名古屋鉄道,プライム（内国株式）,陸運業,運輸・物流
9052,山陽電気鉄道,プライム（内国株式）,陸運業,運輸・物流
9064,ヤマトホールディングス,プライム（内国株式）,陸運業,運輸・物流
9065,山九,プライム（内国株式）,陸運業,運輸・物流
9068,丸全昭和運輸,プライム（内国株式）,陸運業,運輸・物流
9069,センコーグループホールディングス,プライム（内国株式）,陸運業,運輸・物流
9072,ニッコンホールディングス,プライム（内国株式）,陸運業,運輸・物流
9075,福山通運,プライム（内国株式）,陸運業,運輸・物流
9076,セイノーホールディングス,プライム（内国株式）,陸運業,運輸・物流
9081,神奈川中央交通,プライム（内国株式）,陸運業,運輸・物流
9090,ＡＺ－ＣＯＭ丸和ホールディングス,プライム（内国株式）,陸運業,運輸・物流
9101,日本郵船,プライム（内国株式）,海運業,運輸・物流
9104,商船三井,プライム（内国株式）,海運業,運輸・物流
9107,川崎汽船,プライム（内国株式）,海運業,運輸・物流
9110,ＮＳユナイテッド海運,プライム（内国株式）,海運業,運輸・物流
9119,飯野海運,プライム（内国株式）,海運業,運輸・物流
9142,九州旅客鉄道,プライム（内国株式）,陸運業,運輸・物流
9143,ＳＧホールディングス,プライム（内国株式）,陸運業,運輸・物流
9147,ＮＩＰＰＯＮ　ＥＸＰＲＥＳＳホールディングス,プライム（内国株式）,陸運業,運輸・物流
9201,日本航空,プライム（内国株式）,空運業,運輸・物流
9202,ＡＮＡホールディングス,プライム（内国株式）,空運業,運輸・物流
9216,ビーウィズ,プライム（内国株式）,サービス業,情報通信・サービスその他
9229,サンウェルズ,プライム（内国株式）,サービス業,情報通信・サービスその他
9247,ＴＲＥホールディングス,プライム（内国株式）,サービス業,情報通信・サービスその他
9267,Ｇｅｎｋｙ　ＤｒｕｇＳｔｏｒｅｓ,プライム（内国株式）,小売業,小売
9273,コーア商事ホールディングス,プライム（内国株式）,卸売業,商社・卸売
9274,ＫＰＰグループホールディングス,プライム（内国株式）,卸売業,商社・卸売
9278,ブックオフグループホールディングス,プライム（内国株式）,小売業,小売
9279,ギフトホールディングス,プライム（内国株式）,小売業,小売
9301,三菱倉庫,プライム（内国株式）,倉庫・運輸関連業,運輸・物流
9302,三井倉庫ホールディングス,プライム（内国株式）,倉庫・運輸関連業,運輸・物流
9303,住友倉庫,プライム（内国株式）,倉庫・運輸関連業,運輸・物流
9304,澁澤倉庫,プライム（内国株式）,倉庫・運輸関連業,運輸・物流
9305,ヤマタネ,プライム（内国株式）,卸売業,商社・卸売
9310,日本トランスシティ,プライム（内国株式）,倉庫・運輸関連業,運輸・物流
9319,中央倉庫,プライム（内国株式）,倉庫・運輸関連業,運輸・物流
9324,安田倉庫,プライム（内国株式）,倉庫・運輸関連業,運輸・物流
9332,ＮＩＳＳＯホールディングス,プライム（内国株式）,サービス業,情報通信・サービスその他
9336,大栄環境,プライム（内国株式）,サービス業,情報通信・サービスその他
9341,ＧＥＮＯＶＡ,プライム（内国株式）,サービス業,情報通信・サービスその他
9347,日本管財ホールディングス,プライム（内国株式）,サービス業,情報通信・サービスその他
9364,上組,プライム（内国株式）,倉庫・運輸関連業,運輸・物流
9381,エーアイテイー,プライム（内国株式）,倉庫・運輸関連業,運輸・物流
9401,ＴＢＳホールディングス,プライム（内国株式）,情報・通信業,情報通信・サービスその他
9404,日本テレビホールディングス,プライム（内国株式）,情報・通信業,情報通信・サービスその他
9405,朝日放送グループホールディングス,プライム（内国株式）,情報・通信業,情報通信・サービスその他
9409,テレビ朝日ホールディングス,プライム（内国株式）,情報・通信業,情報通信・サービスその他
9412,スカパーＪＳＡＴ,プライム（内国株式）,情報・通信業,情報通信・サービスその他
9413,テレビ東京ホールディングス,プライム（内国株式）,情報・通信業,情報通信・サービスその他
9416,ビジョン,プライム（内国株式）,情報・通信業,情報通信・サービスその他
9418,Ｕ－ＮＥＸＴ　ＨＯＬＤＩＮＧＳ,プライム（内国株式）,情報・通信業,情報通信・サービスその他
9424,日本通信,プライム（内国株式）,情報・通信業,情報通信・サービスその他
9432,ＮＴＴ,プライム（内国株式）,情報・通信業,情報通信・サービスその他
9433,ＫＤＤＩ,プライム（内国株式）,情報・通信業,情報通信・サービスその他
9434,ソフトバンク,プライム（内国株式）,情報・通信業,情報通信・サービスその他
9435,光通信,プライム（内国株式）,情報・通信業,情報通信・サービスその他
9438,エムティーアイ,プライム（内国株式）,情報・通信業,情報通信・サービスその他
9449,ＧＭＯインターネットグループ,プライム（内国株式）,情報・通信業,情報通信・サービスその他
9468,ＫＡＤＯＫＡＷＡ,プライム（内国株式）,情報・通信業,情報通信・サービスその他
9470,学研ホールディングス,プライム（内国株式）,情報・通信業,情報通信・サービスその他
9474,ゼンリン,プライム（内国株式）,情報・通信業,情報通信・サービスその他
9501,東京電力ホールディングス,プライム（内国株式）,電気・ガス業,電力・ガス
9502,中部電力,プライム（内国株式）,電気・ガス業,電力・ガス
9503,関西電力,プライム（内国株式）,電気・ガス業,電力・ガス
9504,中国電力,プライム（内国株式）,電気・ガス業,電力・ガス
9505,北陸電力,プライム（内国株式）,電気・ガス業,電力・ガス
9506,東北電力,プライム（内国株式）,電気・ガス業,電力・ガス
9507,四国電力,プライム（内国株式）,電気・ガス業,電力・ガス
9508,九州電力,プライム（内国株式）,電気・ガス業,電力・ガス
9509,北海道電力,プライム（内国株式）,電気・ガス業,電力・ガス
9511,沖縄電力,プライム（内国株式）,電気・ガス業,電力・ガス
9513,電源開発,プライム（内国株式）,電気・ガス業,電力・ガス
9517,イーレックス,プライム（内国株式）,電気・ガス業,電力・ガス
9519,レノバ,プライム（内国株式）,電気・ガス業,電力・ガス
9531,東京瓦斯,プライム（内国株式）,電気・ガス業,電力・ガス
9532,大阪瓦斯,プライム（内国株式）,電気・ガス業,電力・ガス
9533,東邦瓦斯,プライム（内国株式）,電気・ガス業,電力・ガス
9534,北海道瓦斯,プライム（内国株式）,電気・ガス業,電力・ガス
9535,広島ガス,プライム（内国株式）,電気・ガス業,電力・ガス
9536,西部ガスホールディングス,プライム（内国株式）,電気・ガス業,電力・ガス
9543,静岡ガス,プライム（内国株式）,電気・ガス業,電力・ガス
9551,メタウォーター,プライム（内国株式）,電気・ガス業,電力・ガス
9552,クオンツ総研ホールディングス,プライム（内国株式）,サービス業,情報通信・サービスその他
9601,松竹,プライム（内国株式）,情報・通信業,情報通信・サービスその他
9602,東宝,プライム（内国株式）,情報・通信業,情報通信・サービスその他
9603,エイチ・アイ・エス,プライム（内国株式）,サービス業,情報通信・サービスその他
9605,東映,プライム（内国株式）,情報・通信業,情報通信・サービスその他
9612,ラックランド,プライム（内国株式）,サービス業,情報通信・サービスその他
9616,共立メンテナンス,プライム（内国株式）,サービス業,情報通信・サービスその他
9619,イチネンホールディングス,プライム（内国株式）,サービス業,情報通信・サービスその他
9621,建設技術研究所,プライム（内国株式）,サービス業,情報通信・サービスその他
9622,スペース,プライム（内国株式）,サービス業,情報通信・サービスその他
9627,アインホールディングス,プライム（内国株式）,小売業,小売
9628,燦ホールディングス,プライム（内国株式）,サービス業,情報通信・サービスその他
9629,ピー・シー・エー,プライム（内国株式）,情報・通信業,情報通信・サービスその他
9644,タナベコンサルティンググループ,プライム（内国株式）,サービス業,情報通信・サービスその他
9658,ビジネスブレイン太田昭和,プライム（内国株式）,情報・通信業,情報通信・サービスその他
9663,ナガワ,プライム（内国株式）,サービス業,情報通信・サービスその他
9672,東京都競馬,プライム（内国株式）,サービス業,情報通信・サービスその他
9678,カナモト,プライム（内国株式）,サービス業,情報通信・サービスその他
9682,ＤＴＳ,プライム（内国株式）,情報・通信業,情報通信・サービスその他
9684,スクウェア・エニックス・ホールディングス,プライム（内国株式）,情報・通信業,情報通信・サービスその他
9692,シーイーシー,プライム（内国株式）,情報・通信業,情報通信・サービスその他
9697,カプコン,プライム（内国株式）,情報・通信業,情報通信・サービスその他
9699,ニシオホールディングス,プライム（内国株式）,サービス業,情報通信・サービスその他
9702,アイ・エス・ビー,プライム（内国株式）,情報・通信業,情報通信・サービスその他
9706,日本空港ビルデング,プライム（内国株式）,不動産業,不動産
9715,トランス・コスモス,プライム（内国株式）,サービス業,情報通信・サービスその他
9716,乃村工藝社,プライム（内国株式）,サービス業,情報通信・サービスその他
9722,藤田観光,プライム（内国株式）,サービス業,情報通信・サービスその他
9729,トーカイ,プライム（内国株式）,サービス業,情報通信・サービスその他
9735,セコム,プライム（内国株式）,サービス業,情報通信・サービスその他
9739,ＮＳＷ,プライム（内国株式）,情報・通信業,情報通信・サービスその他
9740,セントラル警備保障,プライム（内国株式）,サービス業,情報通信・サービスその他
9742,アイネス,プライム（内国株式）,情報・通信業,情報通信・サービスその他
9743,丹青社,プライム（内国株式）,サービス業,情報通信・サービスその他
9744,メイテックグループホールディングス,プライム（内国株式）,サービス業,情報通信・サービスその他
9746,ＴＫＣ,プライム（内国株式）,情報・通信業,情報通信・サービスその他
9755,応用地質,プライム（内国株式）,サービス業,情報通信・サービスその他
9757,船井総研ホールディングス,プライム（内国株式）,サービス業,情報通信・サービスその他
9759,ＮＳＤ,プライム（内国株式）,情報・通信業,情報通信・サービスその他
9765,オオバ,プライム（内国株式）,サービス業,情報通信・サービスその他
9766,コナミグループ,プライム（内国株式）,情報・通信業,情報通信・サービスその他
9769,学究社,プライム（内国株式）,サービス業,情報通信・サービスその他
9788,ナック,プライム（内国株式）,サービス業,情報通信・サービスその他
9790,福井コンピュータホールディングス,プライム（内国株式）,情報・通信業,情報通信・サービスその他
9793,ダイセキ,プライム（内国株式）,サービス業,情報通信・サービスその他
9795,ステップ,プライム（内国株式）,サービス業,情報通信・サービスその他
9824,泉州電業,プライム（内国株式）,卸売業,商社・卸売
9830,トラスコ中山,プライム（内国株式）,卸売業,商社・卸売
9831,ヤマダホールディングス,プライム（内国株式）,小売業,小売
9832,オートバックスセブン,プライム（内国株式）,卸売業,商社・卸売
9837,モリト,プライム（内国株式）,卸売業,商社・卸売
9842,アークランズ,プライム（内国株式）,小売業,小売
9843,ニトリホールディングス,プライム（内国株式）,小売業,小売
9850,グルメ杵屋,プライム（内国株式）,小売業,小売
9861,吉野家ホールディングス,プライム（内国株式）,小売業,小売
9869,加藤産業,プライム（内国株式）,卸売業,商社・卸売
9880,イノテック,プライム（内国株式）,電気機器,電機・精密
9882,イエローハット,プライム（内国株式）,卸売業,商社・卸売
9887,松屋フーズホールディングス,プライム（内国株式）,小売業,小売
9889,ＪＢＣＣホールディングス,プライム（内国株式）,情報・通信業,情報通信・サービスその他
9900,サガミホールディングス,プライム（内国株式）,小売業,小売
9902,日伝,プライム（内国株式）,卸売業,商社・卸売
9928,ミロク情報サービス,プライム（内国株式）,情報・通信業,情報通信・サービスその他
9932,杉本商事,プライム（内国株式）,卸売業,商社・卸売
9934,因幡電機産業,プライム（内国株式）,卸売業,商社・卸売
9936,王将フードサービス,プライム（内国株式）,小売業,小売
9946,ミニストップ,プライム（内国株式）,小売業,小売
9948,アークス,プライム（内国株式）,小売業,小売
9956,バローホールディングス,プライム（内国株式）,小売業,小売
9960,東テク,プライム（内国株式）,卸売業,商社・卸売
9962,ミスミグループ本社,プライム（内国株式）,卸売業,商社・卸売
9974,ベルク,プライム（内国株式）,小売業,小売
9983,ファーストリテイリング,プライム（内国株式）,小売業,小売
9984,ソフトバンクグループ,プライム（内国株式）,情報・通信業,情報通信・サービスその他
9987,スズケン,プライム（内国株式）,卸売業,商社・卸売
9989,サンドラッグ,プライム（内国株式）,小売業,小売
9990,サックスバー　ホールディングス,プライム（内国株式）,小売業,小売
9991,ジェコス,プライム（内国株式）,卸売業,商社・卸売
9997,ベルーナ,プライム（内国株式）,小売業,小売
